{"joint": [[[0.0, 0.0, 167.38063924730164], "NO"], [[181.57488332438243, 0.0, 167.38063924730164], "NO"], [[0.0, 136.83578098657696, 167.38063924730164], "NO"], [[181.57488332438243, 136.83578098657696, 167.38063924730164], "NO"], [[0.0, 0.0, 334.7612784946033], "NO"], [[181.57488332438243, 0.0, 334.7612784946033], "NO"], [[0.0, 136.83578098657696, 334.7612784946033], "NO"], [[181.57488332438243, 136.83578098657696, 334.7612784946033], "NO"], [[0.0, 0.0, 502.14191774190493], "NO"], [[181.57488332438243, 0.0, 502.14191774190493], "NO"], [[0.0, 136.83578098657696, 502.14191774190493], "NO"], [[181.57488332438243, 136.83578098657696, 502.14191774190493], "NO"], [[0.0, 273.6715619731539, 167.38063924730164], "NO"], [[181.57488332438243, 273.6715619731539, 167.38063924730164], "NO"], [[0.0, 273.6715619731539, 334.7612784946033], "NO"], [[181.57488332438243, 273.6715619731539, 334.7612784946033], "NO"], [[363.14976664876485, 136.83578098657696, 167.38063924730164], "NO"], [[363.14976664876485, 273.6715619731539, 167.38063924730164], "NO"], [[363.14976664876485, 136.83578098657696, 334.7612784946033], "NO"], [[363.14976664876485, 273.6715619731539, 334.7612784946033], "NO"], [[363.14976664876485, 0.0, 167.38063924730164], "NO"], [[363.14976664876485, 0.0, 334.7612784946033], "NO"], [[0.0, 0.0, 0.0], "PIN"], [[181.57488332438243, 0.0, 0.0], "PIN"], [[0.0, 136.83578098657696, 0.0], "PIN"], [[181.57488332438243, 136.83578098657696, 0.0], "PIN"], [[0.0, 0.0, 669.5225569892066], "NO"], [[181.57488332438243, 0.0, 669.5225569892066], "NO"], [[0.0, 136.83578098657696, 669.5225569892066], "NO"], [[181.57488332438243, 136.83578098657696, 669.5225569892066], "NO"]], "force": [[1, [-550.2659240143666, 945.821255181138, -404.7708694461842]], [2, [-421.9917251929502, -585.4444102907195, 409.97651948039356]], [3, [-365.91850996310393, -302.3936515973868, 867.4007495416013]], [4, [590.810712004667, -453.0849264891539, -756.2517885345699]], [5, [353.2444915650915, -240.61162925123506, 960.3210746427244]], [6, [636.7549202611247, 909.2177267829227, 609.2316679131407]], [7, [-419.0946960141289, -424.73931677172015, 428.2825749967906]], [8, [-307.272971808767, -115.24777627032927, -487.1120490530359]], [9, [-41.84147396703361, -595.8639855988071, 77.1558474173055]], [10, [866.0478675666154, 392.3426012936452, -725.4540903981541]], [11, [231.3540688289845, 173.66099714163033, -515.0839231794264]], [12, [339.6679297862079, 62.08297946559833, 275.88914681727533]], [13, [-895.0177863210745, -173.39726790348277, 434.71611250048727]], [14, [-798.9101904453042, 541.5321161965583, -989.63710718574]], [15, [100.70513155923322, 858.1993603399555, -186.18509690623307]], [16, [870.064197192303, 756.7992430284564, -45.10295911820708]], [17, [-601.0880506647966, 927.8280777818716, -357.66459576166665]], [18, [291.7958357805396, 815.8739174712448, -821.0785589769673]], [19, [148.26670635074652, 70.30455378720944, 446.23535648484676]], [20, [873.3387595012521, 826.4594513397051, -649.8704490380737]], [21, [764.4899463296663, -648.4225849222748, 839.2696237018679]], [26, [994.3436061770199, -206.01085144340072, -9.232205356484428]], [27, [873.2174895555256, 924.2627601666848, 852.0793957928861]], [28, [753.4863358358468, -981.4656630398005, 135.92373732899068]], [29, [-785.398618452924, 965.9877767420128, -430.8766952999075]]], "member": [[[1, 4], [1.0, 10000000.0, 0.1]], [[1, 7], [1.0, 10000000.0, 0.1]], [[3, 5], [1.0, 10000000.0, 0.1]], [[2, 7], [1.0, 10000000.0, 0.1]], [[2, 4], [1.0, 10000000.0, 0.1]], [[0, 6], [1.0, 10000000.0, 0.1]], [[4, 7], [1.0, 10000000.0, 0.1]], [[5, 6], [1.0, 10000000.0, 0.1]], [[0, 3], [1.0, 10000000.0, 0.1]], [[1, 2], [1.0, 10000000.0, 0.1]], [[4, 5], [1.0, 10000000.0, 0.1]], [[5, 7], [1.0, 10000000.0, 0.1]], [[6, 7], [1.0, 10000000.0, 0.1]], [[4, 6], [1.0, 10000000.0, 0.1]], [[0, 1], [1.0, 10000000.0, 0.1]], [[0, 2], [1.0, 10000000.0, 0.1]], [[1, 3], [1.0, 10000000.0, 0.1]], [[2, 3], [1.0, 10000000.0, 0.1]], [[0, 4], [1.0, 10000000.0, 0.1]], [[1, 5], [1.0, 10000000.0, 0.1]], [[2, 6], [1.0, 10000000.0, 0.1]], [[3, 7], [1.0, 10000000.0, 0.1]], [[4, 9], [1.0, 10000000.0, 0.1]], [[5, 11], [1.0, 10000000.0, 0.1]], [[7, 9], [1.0, 10000000.0, 0.1]], [[6, 11], [1.0, 10000000.0, 0.1]], [[4, 10], [1.0, 10000000.0, 0.1]], [[8, 11], [1.0, 10000000.0, 0.1]], [[9, 10], [1.0, 10000000.0, 0.1]], [[8, 9], [1.0, 10000000.0, 0.1]], [[9, 11], [1.0, 10000000.0, 0.1]], [[10, 11], [1.0, 10000000.0, 0.1]], [[8, 10], [1.0, 10000000.0, 0.1]], [[4, 8], [1.0, 10000000.0, 0.1]], [[5, 9], [1.0, 10000000.0, 0.1]], [[6, 10], [1.0, 10000000.0, 0.1]], [[7, 11], [1.0, 10000000.0, 0.1]], [[3, 6], [1.0, 10000000.0, 0.1]], [[3, 15], [1.0, 10000000.0, 0.1]], [[13, 14], [1.0, 10000000.0, 0.1]], [[12, 15], [1.0, 10000000.0, 0.1]], [[12, 6], [1.0, 10000000.0, 0.1]], [[6, 15], [1.0, 10000000.0, 0.1]], [[7, 14], [1.0, 10000000.0, 0.1]], [[3, 12], [1.0, 10000000.0, 0.1]], [[7, 15], [1.0, 10000000.0, 0.1]], [[14, 15], [1.0, 10000000.0, 0.1]], [[6, 14], [1.0, 10000000.0, 0.1]], [[2, 12], [1.0, 10000000.0, 0.1]], [[3, 13], [1.0, 10000000.0, 0.1]], [[12, 13], [1.0, 10000000.0, 0.1]], [[12, 14], [1.0, 10000000.0, 0.1]], [[13, 15], [1.0, 10000000.0, 0.1]], [[3, 18], [1.0, 10000000.0, 0.1]], [[16, 19], [1.0, 10000000.0, 0.1]], [[17, 18], [1.0, 10000000.0, 0.1]], [[17, 15], [1.0, 10000000.0, 0.1]], [[13, 19], [1.0, 10000000.0, 0.1]], [[13, 7], [1.0, 10000000.0, 0.1]], [[7, 19], [1.0, 10000000.0, 0.1]], [[18, 15], [1.0, 10000000.0, 0.1]], [[16, 13], [1.0, 10000000.0, 0.1]], [[7, 18], [1.0, 10000000.0, 0.1]], [[18, 19], [1.0, 10000000.0, 0.1]], [[15, 19], [1.0, 10000000.0, 0.1]], [[3, 16], [1.0, 10000000.0, 0.1]], [[16, 17], [1.0, 10000000.0, 0.1]], [[13, 17], [1.0, 10000000.0, 0.1]], [[16, 18], [1.0, 10000000.0, 0.1]], [[17, 19], [1.0, 10000000.0, 0.1]], [[1, 21], [1.0, 10000000.0, 0.1]], [[20, 18], [1.0, 10000000.0, 0.1]], [[16, 21], [1.0, 10000000.0, 0.1]], [[16, 7], [1.0, 10000000.0, 0.1]], [[5, 18], [1.0, 10000000.0, 0.1]], [[21, 7], [1.0, 10000000.0, 0.1]], [[1, 16], [1.0, 10000000.0, 0.1]], [[20, 3], [1.0, 10000000.0, 0.1]], [[5, 21], [1.0, 10000000.0, 0.1]], [[21, 18], [1.0, 10000000.0, 0.1]], [[1, 20], [1.0, 10000000.0, 0.1]], [[20, 16], [1.0, 10000000.0, 0.1]], [[20, 21], [1.0, 10000000.0, 0.1]], [[22, 1], [1.0, 10000000.0, 0.1]], [[23, 3], [1.0, 10000000.0, 0.1]], [[25, 2], [1.0, 10000000.0, 0.1]], [[22, 2], [1.0, 10000000.0, 0.1]], [[23, 24], [1.0, 10000000.0, 0.1]], [[22, 23], [1.0, 10000000.0, 0.1]], [[22, 24], [1.0, 10000000.0, 0.1]], [[23, 25], [1.0, 10000000.0, 0.1]], [[24, 25], [1.0, 10000000.0, 0.1]], [[22, 0], [1.0, 10000000.0, 0.1]], [[23, 1], [1.0, 10000000.0, 0.1]], [[24, 2], [1.0, 10000000.0, 0.1]], [[25, 3], [1.0, 10000000.0, 0.1]], [[8, 27], [1.0, 10000000.0, 0.1]], [[11, 27], [1.0, 10000000.0, 0.1]], [[11, 28], [1.0, 10000000.0, 0.1]], [[10, 29], [1.0, 10000000.0, 0.1]], [[10, 26], [1.0, 10000000.0, 0.1]], [[27, 28], [1.0, 10000000.0, 0.1]], [[26, 27], [1.0, 10000000.0, 0.1]], [[27, 29], [1.0, 10000000.0, 0.1]], [[28, 29], [1.0, 10000000.0, 0.1]], [[26, 28], [1.0, 10000000.0, 0.1]], [[8, 26], [1.0, 10000000.0, 0.1]], [[9, 27], [1.0, 10000000.0, 0.1]], [[10, 28], [1.0, 10000000.0, 0.1]], [[11, 29], [1.0, 10000000.0, 0.1]]],