{"joint": [[[717.478553538001, 603.5022980697204, 224.27249101569137], "NO"], [[896.8481919225013, 603.5022980697204, 224.27249101569137], "NO"], [[717.478553538001, 754.3778725871505, 224.27249101569137], "NO"], [[896.8481919225013, 754.3778725871505, 224.27249101569137], "NO"], [[717.478553538001, 603.5022980697204, 336.4087365235371], "NO"], [[896.8481919225013, 603.5022980697204, 336.4087365235371], "NO"], [[717.478553538001, 754.3778725871505, 336.4087365235371], "NO"], [[896.8481919225013, 754.3778725871505, 336.4087365235371], "NO"], [[717.478553538001, 603.5022980697204, 112.13624550784569], "NO"], [[896.8481919225013, 603.5022980697204, 112.13624550784569], "NO"], [[717.478553538001, 754.3778725871505, 112.13624550784569], "NO"], [[896.8481919225013, 754.3778725871505, 112.13624550784569], "NO"], [[717.478553538001, 452.6267235522903, 112.13624550784569], "NO"], [[896.8481919225013, 452.6267235522903, 112.13624550784569], "NO"], [[717.478553538001, 452.6267235522903, 224.27249101569137], "NO"], [[896.8481919225013, 452.6267235522903, 224.27249101569137], "NO"], [[717.478553538001, 452.6267235522903, 336.4087365235371], "NO"], [[896.8481919225013, 452.6267235522903, 336.4087365235371], "NO"], [[538.1089151535008, 603.5022980697204, 224.27249101569137], "NO"], [[538.1089151535008, 754.3778725871505, 224.27249101569137], "NO"], [[538.1089151535008, 603.5022980697204, 336.4087365235371], "NO"], [[538.1089151535008, 754.3778725871505, 336.4087365235371], "NO"], [[717.478553538001, 603.5022980697204, 448.54498203138274], "NO"], [[896.8481919225013, 603.5022980697204, 448.54498203138274], "NO"], [[717.478553538001, 754.3778725871505, 448.54498203138274], "NO"], [[896.8481919225013, 754.3778725871505, 448.54498203138274], "NO"], [[717.478553538001, 603.5022980697204, 0.0], "PIN"], [[896.8481919225013, 603.5022980697204, 0.0], "PIN"], [[717.478553538001, 754.3778725871505, 0.0], "PIN"], [[896.8481919225013, 754.3778725871505, 0.0], "PIN"]], "force": [[3, [-693.9690663795988, -670.6858402197518, -354.6784976908888]], [16, [418.66426505849176, -307.95383531625384, 881.8081098630694]]], "member": [[[0, 5], [1.0, 10000000.0, 0.1]], [[1, 7], [1.0, 10000000.0, 0.1]], [[3, 6], [1.0, 10000000.0, 0.1]], [[0, 6], [1.0, 10000000.0, 0.1]], [[4, 7], [1.0, 10000000.0, 0.1]], [[1, 2], [1.0, 10000000.0, 0.1]], [[4, 5], [1.0, 10000000.0, 0.1]], [[5, 7], [1.0, 10000000.0, 0.1]], [[6, 7], [1.0, 10000000.0, 0.1]], [[4, 6], [1.0, 10000000.0, 0.1]], [[0, 1], [1.0, 10000000.0, 0.1]], [[0, 2], [1.0, 10000000.0, 0.1]], [[1, 3], [1.0, 10000000.0, 0.1]], [[2, 3], [1.0, 10000000.0, 0.1]], [[0, 4], [1.0, 10000000.0, 0.1]], [[1, 5], [1.0, 10000000.0, 0.1]], [[2, 6], [1.0, 10000000.0, 0.1]], [[3, 7], [1.0, 10000000.0, 0.1]], [[8, 1], [1.0, 10000000.0, 0.1]], [[9, 0], [1.0, 10000000.0, 0.1]], [[9, 3], [1.0, 10000000.0, 0.1]], [[11, 1], [1.0, 10000000.0, 0.1]], [[10, 3], [1.0, 10000000.0, 0.1]], [[8, 2], [1.0, 10000000.0, 0.1]], [[0, 3], [1.0, 10000000.0, 0.1]], [[8, 11], [1.0, 10000000.0, 0.1]], [[8, 9], [1.0, 10000000.0, 0.1]], [[8, 10], [1.0, 10000000.0, 0.1]], [[9, 11], [1.0, 10000000.0, 0.1]], [[10, 11], [1.0, 10000000.0, 0.1]], [[8, 0], [1.0, 10000000.0, 0.1]], [[9, 1], [1.0, 10000000.0, 0.1]], [[10, 2], [1.0, 10000000.0, 0.1]], [[11, 3], [1.0, 10000000.0, 0.1]], [[12, 15], [1.0, 10000000.0, 0.1]], [[13, 14], [1.0, 10000000.0, 0.1]], [[13, 1], [1.0, 10000000.0, 0.1]], [[12, 0], [1.0, 10000000.0, 0.1]], [[15, 0], [1.0, 10000000.0, 0.1]], [[12, 9], [1.0, 10000000.0, 0.1]], [[13, 8], [1.0, 10000000.0, 0.1]], [[14, 15], [1.0, 10000000.0, 0.1]], [[15, 1], [1.0, 10000000.0, 0.1]], [[14, 0], [1.0, 10000000.0, 0.1]], [[12, 13], [1.0, 10000000.0, 0.1]], [[12, 8], [1.0, 10000000.0, 0.1]], [[13, 9], [1.0, 10000000.0, 0.1]], [[12, 14], [1.0, 10000000.0, 0.1]], [[13, 15], [1.0, 10000000.0, 0.1]], [[14, 17], [1.0, 10000000.0, 0.1]], [[15, 16], [1.0, 10000000.0, 0.1]], [[1, 17], [1.0, 10000000.0, 0.1]], [[1, 4], [1.0, 10000000.0, 0.1]], [[14, 4], [1.0, 10000000.0, 0.1]], [[17, 4], [1.0, 10000000.0, 0.1]], [[14, 1], [1.0, 10000000.0, 0.1]], [[16, 17], [1.0, 10000000.0, 0.1]], [[17, 5], [1.0, 10000000.0, 0.1]], [[16, 4], [1.0, 10000000.0, 0.1]], [[14, 16], [1.0, 10000000.0, 0.1]], [[15, 17], [1.0, 10000000.0, 0.1]], [[18, 4], [1.0, 10000000.0, 0.1]], [[19, 6], [1.0, 10000000.0, 0.1]], [[19, 20], [1.0, 10000000.0, 0.1]], [[18, 21], [1.0, 10000000.0, 0.1]], [[20, 6], [1.0, 10000000.0, 0.1]], [[0, 19], [1.0, 10000000.0, 0.1]], [[20, 4], [1.0, 10000000.0, 0.1]], [[21, 6], [1.0, 10000000.0, 0.1]], [[20, 21], [1.0, 10000000.0, 0.1]], [[18, 0], [1.0, 10000000.0, 0.1]], [[18, 19], [1.0, 10000000.0, 0.1]], [[19, 2], [1.0, 10000000.0, 0.1]], [[18, 20], [1.0, 10000000.0, 0.1]], [[19, 21], [1.0, 10000000.0, 0.1]], [[5, 22], [1.0, 10000000.0, 0.1]], [[5, 25], [1.0, 10000000.0, 0.1]], [[7, 23], [1.0, 10000000.0, 0.1]], [[7, 24], [1.0, 10000000.0, 0.1]], [[6, 25], [1.0, 10000000.0, 0.1]], [[4, 24], [1.0, 10000000.0, 0.1]], [[22, 25], [1.0, 10000000.0, 0.1]], [[5, 6], [1.0, 10000000.0, 0.1]], [[22, 23], [1.0, 10000000.0, 0.1]], [[23, 25], [1.0, 10000000.0, 0.1]], [[24, 25], [1.0, 10000000.0, 0.1]], [[22, 24], [1.0, 10000000.0, 0.1]], [[4, 22], [1.0, 10000000.0, 0.1]], [[5, 23], [1.0, 10000000.0, 0.1]], [[6, 24], [1.0, 10000000.0, 0.1]], [[7, 25], [1.0, 10000000.0, 0.1]], [[26, 9], [1.0, 10000000.0, 0.1]], [[27, 8], [1.0, 10000000.0, 0.1]], [[27, 11], [1.0, 10000000.0, 0.1]], [[29, 9], [1.0, 10000000.0, 0.1]], [[29, 10], [1.0, 10000000.0, 0.1]], [[28, 8], [1.0, 10000000.0, 0.1]], [[9, 10], [1.0, 10000000.0, 0.1]], [[26, 29], [1.0, 10000000.0, 0.1]], [[27, 28], [1.0, 10000000.0, 0.1]], [[26, 27], [1.0, 10000000.0, 0.1]], [[26, 28], [1.0, 10000000.0, 0.1]], [[27, 29], [1.0, 10000000.0, 0.1]], [[28, 29], [1.0, 10000000.0, 0.1]], [[26, 8], [1.0, 10000000.0, 0.1]], [[27, 9], [1.0, 10000000.0, 0.1]], [[28, 10], [1.0, 10000000.0, 0.1]], [[29, 11], [1.0, 10000000.0, 0.1]]], "displace": [[0, [0.012201556577532744, -0.030556683319045208, 0.013605292938037685]], [1, [0.01094439930120269, 0.006064613632609425, -0.0012421867950011057]], [2, [-0.02152826118926171, -0.02854230476164292, 0.001919377674567586]], [3, [-0.021581212495262635, -0.00013396175692484205, -0.007037168315883104]], [4, [0.02582660900796173, -0.02652325943313461, 0.017698462535208827]], [5, [0.023990650307990156, 0.01801846155190953, -0.0012842613688623331]], [6, [-0.011305280629697205, -0.02494795693795018, 0.003995599071294752]], [7, [-0.010874314735461259, 0.016361528738066684, -0.008901173433700237]], [8, [0.004661497852597444, -0.023418233574457496, 0.003042828741540813]], [9, [0.0027076151337983895, -0.0018084545212974168, -0.0013424799484521956]], [10, [-0.013889405057441793, -0.023022740582523012, -0.0018587133245747734]], [11, [-0.014426697728970244, 0.000700168939010265, -0.0037256146723157677]], [12, [0.02630836135289384, -0.03375171488673454, 0.047493146106687714]], [13, [0.024704080417410363, -0.0019819004134888434, 0.01169548181280952]], [14, [0.049823337546028065, -0.03858287609242721, 0.05371926867363325]], [15, [0.048808418178911336, 0.007517290594409367, 0.01186898662323394]], [16, [0.08337351409331593, -0.031169530615953192, 0.06406788120593747]], [17, [0.07704180267736924, 0.019970670199164674, 0.012557393378297187]], [18, [0.01292875536472849, -0.07449506453614708, 0.03642150439154032]], [19, [-0.022982658763653116, -0.07431472211240103, 0.02458233093822628]], [20, [0.025099410220766036, -0.06629896417148823, 0.03623691045457848]], [21, [-0.011305280629697205, -0.06611862174774215, 0.024681952202914817]], [22, [0.03453442625710689, -0.018044218307751547, 0.01742396438463433]], [23, [0.03453442625710689, 0.023251956601517843, -0.000994663604603418]], [24, [-0.002358850464271097, -0.017547299683568423, 0.004328413694794303]], [25, [-0.0022096407522698355, 0.023776209760531356, -0.009102255497665261]]],