{"joint": [[[435.0209271740724, 175.17767865005115, 183.98628878419208], "NO"], [[580.0279028987633, 175.17767865005115, 183.98628878419208], "NO"], [[435.0209271740724, 350.3553573001023, 183.98628878419208], "NO"], [[580.0279028987633, 350.3553573001023, 183.98628878419208], "NO"], [[435.0209271740724, 175.17767865005115, 367.97257756838417], "NO"], [[580.0279028987633, 175.17767865005115, 367.97257756838417], "NO"], [[435.0209271740724, 350.3553573001023, 367.97257756838417], "NO"], [[580.0279028987633, 350.3553573001023, 367.97257756838417], "NO"], [[435.0209271740724, 175.17767865005115, 551.9588663525763], "NO"], [[580.0279028987633, 175.17767865005115, 551.9588663525763], "NO"], [[435.0209271740724, 350.3553573001023, 551.9588663525763], "NO"], [[580.0279028987633, 350.3553573001023, 551.9588663525763], "NO"], [[290.01395144938164, 175.17767865005115, 183.98628878419208], "NO"], [[290.01395144938164, 350.3553573001023, 183.98628878419208], "NO"], [[290.01395144938164, 175.17767865005115, 367.97257756838417], "NO"], [[290.01395144938164, 350.3553573001023, 367.97257756838417], "NO"], [[435.0209271740724, 525.5330359501535, 183.98628878419208], "NO"], [[580.0279028987633, 525.5330359501535, 183.98628878419208], "NO"], [[435.0209271740724, 525.5330359501535, 367.97257756838417], "NO"], [[580.0279028987633, 525.5330359501535, 367.97257756838417], "NO"], [[435.0209271740724, 0.0, 183.98628878419208], "NO"], [[580.0279028987633, 0.0, 183.98628878419208], "NO"], [[435.0209271740724, 0.0, 367.97257756838417], "NO"], [[580.0279028987633, 0.0, 367.97257756838417], "NO"], [[725.0348786234541, 175.17767865005115, 183.98628878419208], "NO"], [[725.0348786234541, 350.3553573001023, 183.98628878419208], "NO"], [[725.0348786234541, 175.17767865005115, 367.97257756838417], "NO"], [[725.0348786234541, 350.3553573001023, 367.97257756838417], "NO"], [[435.0209271740724, 175.17767865005115, 0.0], "PIN"], [[580.0279028987633, 175.17767865005115, 0.0], "PIN"], [[435.0209271740724, 350.3553573001023, 0.0], "PIN"], [[580.0279028987633, 350.3553573001023, 0.0], "PIN"]], "force": [[7, [-28.71601240299924, -222.2855935077439, 337.7472412458342]], [8, [596.2846488403777, 448.36275525457745, 681.0113261251172]], [9, [839.0832413379519, 961.4439550378463, 68.24725906500862]], [12, [813.8577251735367, 183.7855512558217, 325.99951367232256]], [13, [-832.1050756759996, -142.77446067781034, 733.7027111902601]], [15, [-636.5419469731357, -479.6873721613906, -345.2946661165315]], [17, [-90.60134996703573, -324.99890385225876, 759.2799720037908]], [19, [-443.486768722388, 902.4082397211234, -156.87034648252256]], [20, [669.8218298242425, -59.386327573906215, 498.04852216570134]], [23, [-895.828783513489, 903.839384763842, -551.5556685605036]], [24, [-862.7632590944612, 914.5712055527367, -919.4837249184668]], [26, [-937.9400022385757, -505.433392534246, 678.4576925691963]]], "member": [[[1, 4], [1.0, 10000000.0, 0.1]], [[1, 7], [1.0, 10000000.0, 0.1]], [[3, 5], [1.0, 10000000.0, 0.1]], [[2, 7], [1.0, 10000000.0, 0.1]], [[2, 4], [1.0, 10000000.0, 0.1]], [[0, 6], [1.0, 10000000.0, 0.1]], [[4, 7], [1.0, 10000000.0, 0.1]], [[1, 2], [1.0, 10000000.0, 0.1]], [[4, 5], [1.0, 10000000.0, 0.1]], [[5, 7], [1.0, 10000000.0, 0.1]], [[6, 7], [1.0, 10000000.0, 0.1]], [[4, 6], [1.0, 10000000.0, 0.1]], [[0, 1], [1.0, 10000000.0, 0.1]], [[0, 2], [1.0, 10000000.0, 0.1]], [[1, 3], [1.0, 10000000.0, 0.1]], [[2, 3], [1.0, 10000000.0, 0.1]], [[0, 4], [1.0, 10000000.0, 0.1]], [[1, 5], [1.0, 10000000.0, 0.1]], [[2, 6], [1.0, 10000000.0, 0.1]], [[3, 7], [1.0, 10000000.0, 0.1]], [[5, 8], [1.0, 10000000.0, 0.1]], [[5, 11], [1.0, 10000000.0, 0.1]], [[7, 10], [1.0, 10000000.0, 0.1]], [[6, 11], [1.0, 10000000.0, 0.1]], [[4, 10], [1.0, 10000000.0, 0.1]], [[8, 11], [1.0, 10000000.0, 0.1]], [[5, 6], [1.0, 10000000.0, 0.1]], [[8, 9], [1.0, 10000000.0, 0.1]], [[9, 11], [1.0, 10000000.0, 0.1]], [[10, 11], [1.0, 10000000.0, 0.1]], [[8, 10], [1.0, 10000000.0, 0.1]], [[4, 8], [1.0, 10000000.0, 0.1]], [[5, 9], [1.0, 10000000.0, 0.1]], [[6, 10], [1.0, 10000000.0, 0.1]], [[7, 11], [1.0, 10000000.0, 0.1]], [[0, 14], [1.0, 10000000.0, 0.1]], [[2, 15], [1.0, 10000000.0, 0.1]], [[13, 6], [1.0, 10000000.0, 0.1]], [[13, 14], [1.0, 10000000.0, 0.1]], [[14, 6], [1.0, 10000000.0, 0.1]], [[12, 2], [1.0, 10000000.0, 0.1]], [[14, 4], [1.0, 10000000.0, 0.1]], [[15, 6], [1.0, 10000000.0, 0.1]], [[14, 15], [1.0, 10000000.0, 0.1]], [[12, 0], [1.0, 10000000.0, 0.1]], [[12, 13], [1.0, 10000000.0, 0.1]], [[13, 2], [1.0, 10000000.0, 0.1]], [[12, 14], [1.0, 10000000.0, 0.1]], [[13, 15], [1.0, 10000000.0, 0.1]], [[17, 7], [1.0, 10000000.0, 0.1]], [[17, 18], [1.0, 10000000.0, 0.1]], [[16, 19], [1.0, 10000000.0, 0.1]], [[16, 6], [1.0, 10000000.0, 0.1]], [[6, 19], [1.0, 10000000.0, 0.1]], [[7, 18], [1.0, 10000000.0, 0.1]], [[2, 17], [1.0, 10000000.0, 0.1]], [[7, 19], [1.0, 10000000.0, 0.1]], [[18, 19], [1.0, 10000000.0, 0.1]], [[6, 18], [1.0, 10000000.0, 0.1]], [[2, 16], [1.0, 10000000.0, 0.1]], [[3, 17], [1.0, 10000000.0, 0.1]], [[16, 17], [1.0, 10000000.0, 0.1]], [[16, 18], [1.0, 10000000.0, 0.1]], [[17, 19], [1.0, 10000000.0, 0.1]], [[20, 23], [1.0, 10000000.0, 0.1]], [[1, 23], [1.0, 10000000.0, 0.1]], [[0, 5], [1.0, 10000000.0, 0.1]], [[20, 4], [1.0, 10000000.0, 0.1]], [[22, 5], [1.0, 10000000.0, 0.1]], [[23, 4], [1.0, 10000000.0, 0.1]], [[21, 0], [1.0, 10000000.0, 0.1]], [[22, 23], [1.0, 10000000.0, 0.1]], [[23, 5], [1.0, 10000000.0, 0.1]], [[22, 4], [1.0, 10000000.0, 0.1]], [[20, 21], [1.0, 10000000.0, 0.1]], [[20, 0], [1.0, 10000000.0, 0.1]], [[21, 1], [1.0, 10000000.0, 0.1]], [[20, 22], [1.0, 10000000.0, 0.1]], [[21, 23], [1.0, 10000000.0, 0.1]], [[24, 5], [1.0, 10000000.0, 0.1]], [[24, 27], [1.0, 10000000.0, 0.1]], [[25, 7], [1.0, 10000000.0, 0.1]], [[26, 7], [1.0, 10000000.0, 0.1]], [[1, 25], [1.0, 10000000.0, 0.1]], [[24, 3], [1.0, 10000000.0, 0.1]], [[5, 26], [1.0, 10000000.0, 0.1]], [[26, 27], [1.0, 10000000.0, 0.1]], [[7, 27], [1.0, 10000000.0, 0.1]], [[1, 24], [1.0, 10000000.0, 0.1]], [[24, 25], [1.0, 10000000.0, 0.1]], [[3, 25], [1.0, 10000000.0, 0.1]], [[24, 26], [1.0, 10000000.0, 0.1]], [[25, 27], [1.0, 10000000.0, 0.1]], [[28, 1], [1.0, 10000000.0, 0.1]], [[29, 0], [1.0, 10000000.0, 0.1]], [[29, 3], [1.0, 10000000.0, 0.1]], [[31, 2], [1.0, 10000000.0, 0.1]], [[30, 3], [1.0, 10000000.0, 0.1]], [[28, 2], [1.0, 10000000.0, 0.1]], [[28, 31], [1.0, 10000000.0, 0.1]], [[28, 29], [1.0, 10000000.0, 0.1]], [[28, 30], [1.0, 10000000.0, 0.1]], [[29, 31], [1.0, 10000000.0, 0.1]], [[30, 31], [1.0, 10000000.0, 0.1]], [[28, 0], [1.0, 10000000.0, 0.1]], [[29, 1], [1.0, 10000000.0, 0.1]], [[30, 2], [1.0, 10000000.0, 0.1]], [[31, 3], [1.0, 10000000.0, 0.1]]],