{"joint": [[[344.2365995610854, 104.36924279545143, 0.0], "PIN"], [[516.3548993416282, 104.36924279545143, 0.0], "PIN"], [[344.2365995610854, 208.73848559090285, 0.0], "PIN"], [[516.3548993416282, 208.73848559090285, 0.0], "PIN"], [[344.2365995610854, 104.36924279545143, 136.4299414130769], "NO"], [[516.3548993416282, 104.36924279545143, 136.4299414130769], "NO"], [[344.2365995610854, 208.73848559090285, 136.4299414130769], "NO"], [[516.3548993416282, 208.73848559090285, 136.4299414130769], "NO"], [[344.2365995610854, 313.10772838635427, 0.0], "PIN"], [[516.3548993416282, 313.10772838635427, 0.0], "PIN"], [[344.2365995610854, 313.10772838635427, 136.4299414130769], "NO"], [[516.3548993416282, 313.10772838635427, 136.4299414130769], "NO"], [[344.2365995610854, 104.36924279545143, 272.8598828261538], "NO"], [[516.3548993416282, 104.36924279545143, 272.8598828261538], "NO"], [[344.2365995610854, 208.73848559090285, 272.8598828261538], "NO"], [[516.3548993416282, 208.73848559090285, 272.8598828261538], "NO"], [[344.2365995610854, 0.0, 136.4299414130769], "NO"], [[516.3548993416282, 0.0, 136.4299414130769], "NO"], [[344.2365995610854, 0.0, 272.8598828261538], "NO"], [[516.3548993416282, 0.0, 272.8598828261538], "NO"], [[172.1182997805427, 0.0, 136.4299414130769], "NO"], [[172.1182997805427, 104.36924279545143, 136.4299414130769], "NO"], [[172.1182997805427, 0.0, 272.8598828261538], "NO"], [[172.1182997805427, 104.36924279545143, 272.8598828261538], "NO"], [[344.2365995610854, 0.0, 0.0], "PIN"], [[516.3548993416282, 0.0, 0.0], "PIN"], [[172.1182997805427, 104.36924279545143, 0.0], "PIN"], [[172.1182997805427, 208.73848559090285, 0.0], "PIN"], [[172.1182997805427, 208.73848559090285, 136.4299414130769], "NO"]], "force": [[4, [-943.6249089436999, 861.6518094999062, 678.3525752232113]], [5, [299.9213685883633, 582.761274964352, -724.8008245482567]], [6, [-426.2412053734637, 659.5231663056452, 392.1439771519672]], [7, [-722.4146163636276, 411.0723505781609, -102.7970520355068]], [10, [-989.4976033887641, -841.5484574585574, -488.1521431259106]], [11, [669.926198564762, 97.60849088767077, 454.4695706498635]], [12, [55.5430117734486, -777.6262793515232, -423.7968439215389]], [13, [-397.6976108275601, -904.5011067622975, -160.34891249311386]], [15, [587.7982172788763, -85.77276672710263, -778.28420941997]], [16, [810.2937713239971, 193.47808563789386, -967.1292955882111]], [17, [30.751460418812258, -516.1237311580134, -712.8463195074798]], [18, [-141.52221379333253, 229.61916555190123, -518.8715223869129]], [19, [-166.86480958292043, 328.7426034840182, -828.7720900254765]], [21, [949.3089819044433, -864.6413541823079, 52.118890644341036]], [22, [14.655393159573237, 976.662971192935, 108.30390483639098]], [23, [-219.09253487987178, -59.72984368302798, 271.34158293726]], [28, [962.0788451031206, -492.6994778615745, -967.5155377821047]]], "member": [[[0, 5], [1.0, 10000000.0, 0.1]], [[1, 4], [1.0, 10000000.0, 0.1]], [[1, 7], [1.0, 10000000.0, 0.1]], [[2, 7], [1.0, 10000000.0, 0.1]], [[2, 4], [1.0, 10000000.0, 0.1]], [[0, 6], [1.0, 10000000.0, 0.1]], [[5, 6], [1.0, 10000000.0, 0.1]], [[0, 3], [1.0, 10000000.0, 0.1]], [[1, 2], [1.0, 10000000.0, 0.1]], [[4, 5], [1.0, 10000000.0, 0.1]], [[5, 7], [1.0, 10000000.0, 0.1]], [[6, 7], [1.0, 10000000.0, 0.1]], [[4, 6], [1.0, 10000000.0, 0.1]], [[0, 1], [1.0, 10000000.0, 0.1]], [[0, 2], [1.0, 10000000.0, 0.1]], [[1, 3], [1.0, 10000000.0, 0.1]], [[2, 3], [1.0, 10000000.0, 0.1]], [[0, 4], [1.0, 10000000.0, 0.1]], [[1, 5], [1.0, 10000000.0, 0.1]], [[2, 6], [1.0, 10000000.0, 0.1]], [[3, 7], [1.0, 10000000.0, 0.1]], [[3, 6], [1.0, 10000000.0, 0.1]], [[3, 11], [1.0, 10000000.0, 0.1]], [[9, 10], [1.0, 10000000.0, 0.1]], [[8, 11], [1.0, 10000000.0, 0.1]], [[8, 6], [1.0, 10000000.0, 0.1]], [[7, 10], [1.0, 10000000.0, 0.1]], [[3, 8], [1.0, 10000000.0, 0.1]], [[7, 11], [1.0, 10000000.0, 0.1]], [[10, 11], [1.0, 10000000.0, 0.1]], [[6, 10], [1.0, 10000000.0, 0.1]], [[2, 8], [1.0, 10000000.0, 0.1]], [[3, 9], [1.0, 10000000.0, 0.1]], [[8, 9], [1.0, 10000000.0, 0.1]], [[8, 10], [1.0, 10000000.0, 0.1]], [[9, 11], [1.0, 10000000.0, 0.1]], [[4, 13], [1.0, 10000000.0, 0.1]], [[7, 13], [1.0, 10000000.0, 0.1]], [[7, 14], [1.0, 10000000.0, 0.1]], [[6, 15], [1.0, 10000000.0, 0.1]], [[6, 12], [1.0, 10000000.0, 0.1]], [[4, 14], [1.0, 10000000.0, 0.1]], [[13, 14], [1.0, 10000000.0, 0.1]], [[12, 13], [1.0, 10000000.0, 0.1]], [[13, 15], [1.0, 10000000.0, 0.1]], [[14, 15], [1.0, 10000000.0, 0.1]], [[12, 14], [1.0, 10000000.0, 0.1]], [[4, 12], [1.0, 10000000.0, 0.1]], [[5, 13], [1.0, 10000000.0, 0.1]], [[6, 14], [1.0, 10000000.0, 0.1]], [[7, 15], [1.0, 10000000.0, 0.1]], [[17, 18], [1.0, 10000000.0, 0.1]], [[5, 19], [1.0, 10000000.0, 0.1]], [[5, 12], [1.0, 10000000.0, 0.1]], [[4, 18], [1.0, 10000000.0, 0.1]], [[16, 12], [1.0, 10000000.0, 0.1]], [[19, 12], [1.0, 10000000.0, 0.1]], [[16, 5], [1.0, 10000000.0, 0.1]], [[18, 19], [1.0, 10000000.0, 0.1]], [[19, 13], [1.0, 10000000.0, 0.1]], [[18, 12], [1.0, 10000000.0, 0.1]], [[16, 17], [1.0, 10000000.0, 0.1]], [[16, 4], [1.0, 10000000.0, 0.1]], [[17, 5], [1.0, 10000000.0, 0.1]], [[16, 18], [1.0, 10000000.0, 0.1]], [[17, 19], [1.0, 10000000.0, 0.1]], [[20, 18], [1.0, 10000000.0, 0.1]], [[4, 23], [1.0, 10000000.0, 0.1]], [[20, 23], [1.0, 10000000.0, 0.1]], [[22, 12], [1.0, 10000000.0, 0.1]], [[20, 4], [1.0, 10000000.0, 0.1]], [[16, 21], [1.0, 10000000.0, 0.1]], [[22, 18], [1.0, 10000000.0, 0.1]], [[23, 12], [1.0, 10000000.0, 0.1]], [[22, 23], [1.0, 10000000.0, 0.1]], [[20, 16], [1.0, 10000000.0, 0.1]], [[20, 21], [1.0, 10000000.0, 0.1]], [[21, 4], [1.0, 10000000.0, 0.1]], [[20, 22], [1.0, 10000000.0, 0.1]], [[21, 23], [1.0, 10000000.0, 0.1]], [[25, 16], [1.0, 10000000.0, 0.1]], [[1, 17], [1.0, 10000000.0, 0.1]], [[0, 16], [1.0, 10000000.0, 0.1]], [[17, 4], [1.0, 10000000.0, 0.1]], [[24, 1], [1.0, 10000000.0, 0.1]], [[25, 0], [1.0, 10000000.0, 0.1]], [[24, 25], [1.0, 10000000.0, 0.1]], [[24, 0], [1.0, 10000000.0, 0.1]], [[25, 1], [1.0, 10000000.0, 0.1]], [[24, 16], [1.0, 10000000.0, 0.1]], [[25, 17], [1.0, 10000000.0, 0.1]], [[26, 4], [1.0, 10000000.0, 0.1]], [[2, 28], [1.0, 10000000.0, 0.1]], [[27, 21], [1.0, 10000000.0, 0.1]], [[4, 28], [1.0, 10000000.0, 0.1]], [[0, 27], [1.0, 10000000.0, 0.1]], [[28, 6], [1.0, 10000000.0, 0.1]], [[21, 28], [1.0, 10000000.0, 0.1]], [[26, 0], [1.0, 10000000.0, 0.1]], [[26, 27], [1.0, 10000000.0, 0.1]], [[27, 2], [1.0, 10000000.0, 0.1]], [[26, 21], [1.0, 10000000.0, 0.1]], [[27, 28], [1.0, 10000000.0, 0.1]]], "displace": [[4, [0.002933400351536577, -0.003129431550174704, -0.0002830241628378238]], [5, [0.007226006398578518, -0.003463973632853964, -0.013593055360756905]], [6, [0.001971799666114948, -0.004647915132620246, 0.005727206598818532]], [7, [-0.0022999821591767338, -0.0010892936762740802, -0.005818402503453385]], [10, [-0.014082679995938503, -0.014298423901685321, -0.008807285779437011]], [11, [-0.002828285283445216, -0.0010856154354914706, 0.004292294499289603]], [12, [0.016549782249454834, -0.016019681334278744, -0.0036757566870535127]], [13, [0.01194187621248318, -0.042720653896476335, -0.021511002639357596]], [14, [0.025328020361803014, -0.016621427260696275, 0.010177701310040163]], [15, [0.0309971078287968, -0.0436158577680542, -0.019231193607074995]], [16, [0.007843291673751664, -0.005656850205947413, -0.008421292180346322]], [17, [0.0024538313250097427, -0.010703262174821095, -0.017730690811007886]], [18, [0.0028195283712658674, -0.013667302060022632, -0.008495053758959146]], [19, [0.0012807986199048459, -0.03768318703688979, -0.0326202627733046]], [20, [-0.00118062221453945, -0.010464510057327963, 0.03423735767485741]], [21, [0.012263954886124345, -0.016854303585780273, -0.004496233128622736]], [22, [-0.010929922363935576, 0.06623137760735491, 0.03571494721402104]], [23, [0.008237336152577565, 0.06118641254416292, -0.005496215335994199]], [28, [0.005060042343468283, -0.019259255298233708, -0.009413422497119194]]],