{"joint": [[[320.1872708668486, 159.39441474793574, 144.64410662486023], "NO"], [[426.91636115579814, 159.39441474793574, 144.64410662486023], "NO"], [[320.1872708668486, 318.7888294958715, 144.64410662486023], "NO"], [[426.91636115579814, 318.7888294958715, 144.64410662486023], "NO"], [[320.1872708668486, 159.39441474793574, 289.28821324972046], "NO"], [[426.91636115579814, 159.39441474793574, 289.28821324972046], "NO"], [[320.1872708668486, 318.7888294958715, 289.28821324972046], "NO"], [[426.91636115579814, 318.7888294958715, 289.28821324972046], "NO"], [[320.1872708668486, 159.39441474793574, 0.0], "PIN"], [[426.91636115579814, 159.39441474793574, 0.0], "PIN"], [[320.1872708668486, 318.7888294958715, 0.0], "PIN"], [[426.91636115579814, 318.7888294958715, 0.0], "PIN"], [[533.6454514447477, 159.39441474793574, 0.0], "PIN"], [[533.6454514447477, 318.7888294958715, 0.0], "PIN"], [[533.6454514447477, 159.39441474793574, 144.64410662486023], "NO"], [[533.6454514447477, 318.7888294958715, 144.64410662486023], "NO"], [[320.1872708668486, 159.39441474793574, 433.9323198745807], "NO"], [[426.91636115579814, 159.39441474793574, 433.9323198745807], "NO"], [[320.1872708668486, 318.7888294958715, 433.9323198745807], "NO"], [[426.91636115579814, 318.7888294958715, 433.9323198745807], "NO"], [[533.6454514447477, 159.39441474793574, 289.28821324972046], "NO"], [[533.6454514447477, 318.7888294958715, 289.28821324972046], "NO"], [[533.6454514447477, 159.39441474793574, 433.9323198745807], "NO"], [[533.6454514447477, 318.7888294958715, 433.9323198745807], "NO"], [[426.91636115579814, 0.0, 289.28821324972046], "NO"], [[533.6454514447477, 0.0, 289.28821324972046], "NO"], [[426.91636115579814, 0.0, 433.9323198745807], "NO"], [[533.6454514447477, 0.0, 433.9323198745807], "NO"], [[320.1872708668486, 0.0, 144.64410662486023], "NO"], [[426.91636115579814, 0.0, 144.64410662486023], "NO"], [[320.1872708668486, 0.0, 289.28821324972046], "NO"]], "force": [[17, [342.6850494914447, 571.609191961036, -362.53108536737557]], [26, [-167.35073315711065, -701.5647843496727, -247.0796229857359]]], "member": [[[0, 5], [1.0, 10000000.0, 0.1]], [[1, 4], [1.0, 10000000.0, 0.1]], [[1, 7], [1.0, 10000000.0, 0.1]], [[3, 5], [1.0, 10000000.0, 0.1]], [[3, 6], [1.0, 10000000.0, 0.1]], [[2, 4], [1.0, 10000000.0, 0.1]], [[4, 7], [1.0, 10000000.0, 0.1]], [[5, 6], [1.0, 10000000.0, 0.1]], [[0, 3], [1.0, 10000000.0, 0.1]], [[4, 5], [1.0, 10000000.0, 0.1]], [[5, 7], [1.0, 10000000.0, 0.1]], [[6, 7], [1.0, 10000000.0, 0.1]], [[4, 6], [1.0, 10000000.0, 0.1]], [[0, 1], [1.0, 10000000.0, 0.1]], [[0, 2], [1.0, 10000000.0, 0.1]], [[1, 3], [1.0, 10000000.0, 0.1]], [[2, 3], [1.0, 10000000.0, 0.1]], [[0, 4], [1.0, 10000000.0, 0.1]], [[1, 5], [1.0, 10000000.0, 0.1]], [[2, 6], [1.0, 10000000.0, 0.1]], [[3, 7], [1.0, 10000000.0, 0.1]], [[9, 0], [1.0, 10000000.0, 0.1]], [[11, 1], [1.0, 10000000.0, 0.1]], [[11, 2], [1.0, 10000000.0, 0.1]], [[10, 0], [1.0, 10000000.0, 0.1]], [[8, 2], [1.0, 10000000.0, 0.1]], [[8, 11], [1.0, 10000000.0, 0.1]], [[8, 9], [1.0, 10000000.0, 0.1]], [[8, 10], [1.0, 10000000.0, 0.1]], [[9, 11], [1.0, 10000000.0, 0.1]], [[10, 11], [1.0, 10000000.0, 0.1]], [[8, 0], [1.0, 10000000.0, 0.1]], [[9, 1], [1.0, 10000000.0, 0.1]], [[10, 2], [1.0, 10000000.0, 0.1]], [[11, 3], [1.0, 10000000.0, 0.1]], [[9, 14], [1.0, 10000000.0, 0.1]], [[12, 15], [1.0, 10000000.0, 0.1]], [[13, 14], [1.0, 10000000.0, 0.1]], [[11, 15], [1.0, 10000000.0, 0.1]], [[1, 15], [1.0, 10000000.0, 0.1]], [[14, 3], [1.0, 10000000.0, 0.1]], [[9, 13], [1.0, 10000000.0, 0.1]], [[12, 11], [1.0, 10000000.0, 0.1]], [[1, 14], [1.0, 10000000.0, 0.1]], [[14, 15], [1.0, 10000000.0, 0.1]], [[3, 15], [1.0, 10000000.0, 0.1]], [[9, 12], [1.0, 10000000.0, 0.1]], [[12, 13], [1.0, 10000000.0, 0.1]], [[11, 13], [1.0, 10000000.0, 0.1]], [[12, 14], [1.0, 10000000.0, 0.1]], [[13, 15], [1.0, 10000000.0, 0.1]], [[5, 16], [1.0, 10000000.0, 0.1]], [[5, 19], [1.0, 10000000.0, 0.1]], [[7, 17], [1.0, 10000000.0, 0.1]], [[7, 18], [1.0, 10000000.0, 0.1]], [[6, 19], [1.0, 10000000.0, 0.1]], [[6, 16], [1.0, 10000000.0, 0.1]], [[4, 18], [1.0, 10000000.0, 0.1]], [[17, 18], [1.0, 10000000.0, 0.1]], [[16, 17], [1.0, 10000000.0, 0.1]], [[17, 19], [1.0, 10000000.0, 0.1]], [[18, 19], [1.0, 10000000.0, 0.1]], [[16, 18], [1.0, 10000000.0, 0.1]], [[4, 16], [1.0, 10000000.0, 0.1]], [[5, 17], [1.0, 10000000.0, 0.1]], [[6, 18], [1.0, 10000000.0, 0.1]], [[7, 19], [1.0, 10000000.0, 0.1]], [[20, 17], [1.0, 10000000.0, 0.1]], [[20, 23], [1.0, 10000000.0, 0.1]], [[21, 19], [1.0, 10000000.0, 0.1]], [[7, 23], [1.0, 10000000.0, 0.1]], [[17, 23], [1.0, 10000000.0, 0.1]], [[20, 7], [1.0, 10000000.0, 0.1]], [[17, 22], [1.0, 10000000.0, 0.1]], [[22, 23], [1.0, 10000000.0, 0.1]], [[19, 23], [1.0, 10000000.0, 0.1]], [[5, 20], [1.0, 10000000.0, 0.1]], [[20, 21], [1.0, 10000000.0, 0.1]], [[7, 21], [1.0, 10000000.0, 0.1]], [[20, 22], [1.0, 10000000.0, 0.1]], [[21, 23], [1.0, 10000000.0, 0.1]], [[25, 26], [1.0, 10000000.0, 0.1]], [[20, 27], [1.0, 10000000.0, 0.1]], [[5, 26], [1.0, 10000000.0, 0.1]], [[24, 17], [1.0, 10000000.0, 0.1]], [[26, 22], [1.0, 10000000.0, 0.1]], [[27, 17], [1.0, 10000000.0, 0.1]], [[24, 20], [1.0, 10000000.0, 0.1]], [[25, 5], [1.0, 10000000.0, 0.1]], [[26, 27], [1.0, 10000000.0, 0.1]], [[27, 22], [1.0, 10000000.0, 0.1]], [[26, 17], [1.0, 10000000.0, 0.1]], [[24, 25], [1.0, 10000000.0, 0.1]], [[24, 5], [1.0, 10000000.0, 0.1]], [[25, 20], [1.0, 10000000.0, 0.1]], [[24, 26], [1.0, 10000000.0, 0.1]], [[25, 27], [1.0, 10000000.0, 0.1]], [[28, 24], [1.0, 10000000.0, 0.1]], [[29, 5], [1.0, 10000000.0, 0.1]], [[1, 24], [1.0, 10000000.0, 0.1]], [[28, 4], [1.0, 10000000.0, 0.1]], [[30, 5], [1.0, 10000000.0, 0.1]], [[24, 4], [1.0, 10000000.0, 0.1]], [[29, 0], [1.0, 10000000.0, 0.1]], [[30, 24], [1.0, 10000000.0, 0.1]], [[30, 4], [1.0, 10000000.0, 0.1]], [[28, 29], [1.0, 10000000.0, 0.1]], [[28, 0], [1.0, 10000000.0, 0.1]], [[29, 1], [1.0, 10000000.0, 0.1]], [[28, 30], [1.0, 10000000.0, 0.1]], [[29, 24], [1.0, 10000000.0, 0.1]]], "displace": [[0, [0.0028605804450438535, -0.002898287183097439, -0.0008762180742329114]], [1, [0.005018548104444397, -0.007474508048186546, -0.012714962902106214]], [2, [0.007447770444169687, -0.005589834341115402, 0.007309330328567489]], [3, [0.00693326102253969, -0.006754174033373325, -0.0016177400159865113]], [4, [0.025619626451870863, -0.019399377154779813, -0.001754487695074909]], [5, [0.026065599124480095, -0.02695641339159029, -0.019631608756116543]], [6, [0.03622838217311015, -0.02008179469817563, 0.01404488670482062]], [7, [0.03701701898335997, -0.025467267734825796, -0.0014230743547726998]], [14, [0.005232578633515194, -0.005037079684023268, -0.002025841516840673]], [15, [0.005174203686795504, -0.004697698070871298, -0.0002291517094588245]], [16, [0.052655583213239945, -0.03577484611870401, -0.001505285420985939]], [17, [0.053079296089591006, -0.04491830376833726, -0.024196876470931404]], [18, [0.0626930537178532, -0.03641727122645274, 0.015529335250226069]], [19, [0.06272762449206858, -0.04424731449909697, -0.00239815178988331]], [20, [0.025651983435111124, -0.03526119542343813, -0.04335132876279807]], [21, [0.037067493839215954, -0.03526119542343813, -0.02115414821288674]], [22, [0.051615989706349515, -0.05816685207141786, -0.04335132876279807]], [23, [0.06369487296864063, -0.05583806778286526, -0.02106144154773791]], [24, [0.014358962287452167, -0.028318305285245562, -0.04345306229149659]], [25, [0.013955887463785836, -0.035189659801573715, -0.06463577019527776]], [26, [0.03501755825166436, -0.052741574477550554, -0.04778701242433659]], [27, [0.034969369357329125, -0.057231894132516954, -0.06531718525363223]], [28, [-0.008422742651806368, -0.0016557576100895434, -0.024679109925372755]], [29, [-0.007865651641292512, -0.007914678755022827, -0.04279233241639344]], [30, [0.014400452834355147, -0.019306837101980053, -0.024679109925372752]]],