{"joint": [[[0.0, 145.9570499176731, 166.68407172664809], "NO"], [[163.79046310035685, 145.9570499176731, 166.68407172664809], "NO"], [[0.0, 291.9140998353462, 166.68407172664809], "NO"], [[163.79046310035685, 291.9140998353462, 166.68407172664809], "NO"], [[0.0, 145.9570499176731, 333.36814345329617], "NO"], [[163.79046310035685, 145.9570499176731, 333.36814345329617], "NO"], [[0.0, 291.9140998353462, 333.36814345329617], "NO"], [[163.79046310035685, 291.9140998353462, 333.36814345329617], "NO"], [[0.0, 437.87114975301927, 166.68407172664809], "NO"], [[163.79046310035685, 437.87114975301927, 166.68407172664809], "NO"], [[0.0, 437.87114975301927, 333.36814345329617], "NO"], [[163.79046310035685, 437.87114975301927, 333.36814345329617], "NO"], [[327.5809262007137, 291.9140998353462, 166.68407172664809], "NO"], [[327.5809262007137, 437.87114975301927, 166.68407172664809], "NO"], [[327.5809262007137, 291.9140998353462, 333.36814345329617], "NO"], [[327.5809262007137, 437.87114975301927, 333.36814345329617], "NO"], [[0.0, 0.0, 166.68407172664809], "NO"], [[163.79046310035685, 0.0, 166.68407172664809], "NO"], [[0.0, 0.0, 333.36814345329617], "NO"], [[163.79046310035685, 0.0, 333.36814345329617], "NO"], [[0.0, 0.0, 500.05221517994426], "NO"], [[163.79046310035685, 0.0, 500.05221517994426], "NO"], [[0.0, 145.9570499176731, 500.05221517994426], "NO"], [[163.79046310035685, 145.9570499176731, 500.05221517994426], "NO"], [[0.0, 291.9140998353462, 500.05221517994426], "NO"], [[163.79046310035685, 291.9140998353462, 500.05221517994426], "NO"], [[0.0, 145.9570499176731, 0.0], "PIN"], [[163.79046310035685, 145.9570499176731, 0.0], "PIN"], [[0.0, 291.9140998353462, 0.0], "PIN"], [[163.79046310035685, 291.9140998353462, 0.0], "PIN"]], "force": [[0, [494.961729876743, -648.7198591113868, -735.680404506433]], [1, [78.81551796884219, 942.9791624226798, 61.70474740557006]], [2, [826.9739489633939, 660.9452391347947, -486.05983087347533]], [3, [649.3796250848145, -36.30434025251759, 612.9769875875331]], [4, [493.1187014340901, -322.5694923962275, -769.6605851004812]], [5, [925.7865857377551, -718.4859699882347, 933.0004189255042]], [6, [720.2811937976437, 448.43342415103643, 959.884485563807]], [7, [934.5394946000647, 609.1752880411238, -268.4499011888672]], [8, [581.363937177875, -972.1626897981977, 73.14461653811827]], [9, [-90.42794453225065, 345.6567637475073, 344.68159470202636]], [11, [169.12018330433216, 644.8346024535485, 880.5837835591083]], [12, [-783.3077956015386, -532.3561955768337, -949.9507007070354]], [15, [768.4696904297043, 122.81476449975776, 830.5118174863189]], [16, [-557.2655998520199, -873.5659176796091, 647.7107027808952]], [18, [818.7752768557841, -395.6196509414996, -183.4082884091746]], [19, [-720.4459749855578, 892.5230657638924, -391.2708312879896]], [20, [-14.750762043588225, -805.6160027563568, 774.5186170570046]], [23, [-728.6719025873269, -92.7124862222148, 340.9724377003424]], [24, [486.280243046343, 891.9481715588643, -161.74649317055434]], [25, [484.53802953063155, -690.95419518033, -170.23094512638613]]], "member": [[[1, 4], [1.0, 10000000.0, 0.1]], [[3, 5], [1.0, 10000000.0, 0.1]], [[3, 6], [1.0, 10000000.0, 0.1]], [[2, 7], [1.0, 10000000.0, 0.1]], [[2, 4], [1.0, 10000000.0, 0.1]], [[0, 6], [1.0, 10000000.0, 0.1]], [[4, 7], [1.0, 10000000.0, 0.1]], [[0, 3], [1.0, 10000000.0, 0.1]], [[4, 5], [1.0, 10000000.0, 0.1]], [[5, 7], [1.0, 10000000.0, 0.1]], [[6, 7], [1.0, 10000000.0, 0.1]], [[4, 6], [1.0, 10000000.0, 0.1]], [[0, 1], [1.0, 10000000.0, 0.1]], [[0, 2], [1.0, 10000000.0, 0.1]], [[1, 3], [1.0, 10000000.0, 0.1]], [[2, 3], [1.0, 10000000.0, 0.1]], [[0, 4], [1.0, 10000000.0, 0.1]], [[1, 5], [1.0, 10000000.0, 0.1]], [[2, 6], [1.0, 10000000.0, 0.1]], [[3, 7], [1.0, 10000000.0, 0.1]], [[9, 7], [1.0, 10000000.0, 0.1]], [[9, 10], [1.0, 10000000.0, 0.1]], [[8, 11], [1.0, 10000000.0, 0.1]], [[2, 10], [1.0, 10000000.0, 0.1]], [[6, 11], [1.0, 10000000.0, 0.1]], [[7, 10], [1.0, 10000000.0, 0.1]], [[3, 8], [1.0, 10000000.0, 0.1]], [[7, 11], [1.0, 10000000.0, 0.1]], [[10, 11], [1.0, 10000000.0, 0.1]], [[6, 10], [1.0, 10000000.0, 0.1]], [[2, 8], [1.0, 10000000.0, 0.1]], [[3, 9], [1.0, 10000000.0, 0.1]], [[8, 9], [1.0, 10000000.0, 0.1]], [[8, 10], [1.0, 10000000.0, 0.1]], [[9, 11], [1.0, 10000000.0, 0.1]], [[3, 14], [1.0, 10000000.0, 0.1]], [[12, 7], [1.0, 10000000.0, 0.1]], [[13, 14], [1.0, 10000000.0, 0.1]], [[9, 15], [1.0, 10000000.0, 0.1]], [[3, 11], [1.0, 10000000.0, 0.1]], [[7, 15], [1.0, 10000000.0, 0.1]], [[12, 9], [1.0, 10000000.0, 0.1]], [[7, 14], [1.0, 10000000.0, 0.1]], [[14, 15], [1.0, 10000000.0, 0.1]], [[11, 15], [1.0, 10000000.0, 0.1]], [[3, 12], [1.0, 10000000.0, 0.1]], [[12, 13], [1.0, 10000000.0, 0.1]], [[9, 13], [1.0, 10000000.0, 0.1]], [[12, 14], [1.0, 10000000.0, 0.1]], [[13, 15], [1.0, 10000000.0, 0.1]], [[17, 18], [1.0, 10000000.0, 0.1]], [[17, 5], [1.0, 10000000.0, 0.1]], [[16, 4], [1.0, 10000000.0, 0.1]], [[18, 5], [1.0, 10000000.0, 0.1]], [[19, 4], [1.0, 10000000.0, 0.1]], [[17, 0], [1.0, 10000000.0, 0.1]], [[18, 19], [1.0, 10000000.0, 0.1]], [[19, 5], [1.0, 10000000.0, 0.1]], [[18, 4], [1.0, 10000000.0, 0.1]], [[16, 17], [1.0, 10000000.0, 0.1]], [[16, 0], [1.0, 10000000.0, 0.1]], [[17, 1], [1.0, 10000000.0, 0.1]], [[16, 18], [1.0, 10000000.0, 0.1]], [[17, 19], [1.0, 10000000.0, 0.1]], [[18, 21], [1.0, 10000000.0, 0.1]], [[19, 20], [1.0, 10000000.0, 0.1]], [[5, 21], [1.0, 10000000.0, 0.1]], [[5, 22], [1.0, 10000000.0, 0.1]], [[4, 23], [1.0, 10000000.0, 0.1]], [[18, 22], [1.0, 10000000.0, 0.1]], [[20, 23], [1.0, 10000000.0, 0.1]], [[20, 21], [1.0, 10000000.0, 0.1]], [[21, 23], [1.0, 10000000.0, 0.1]], [[22, 23], [1.0, 10000000.0, 0.1]], [[20, 22], [1.0, 10000000.0, 0.1]], [[18, 20], [1.0, 10000000.0, 0.1]], [[19, 21], [1.0, 10000000.0, 0.1]], [[4, 22], [1.0, 10000000.0, 0.1]], [[5, 23], [1.0, 10000000.0, 0.1]], [[7, 23], [1.0, 10000000.0, 0.1]], [[7, 24], [1.0, 10000000.0, 0.1]], [[6, 22], [1.0, 10000000.0, 0.1]], [[4, 24], [1.0, 10000000.0, 0.1]], [[22, 25], [1.0, 10000000.0, 0.1]], [[23, 24], [1.0, 10000000.0, 0.1]], [[5, 6], [1.0, 10000000.0, 0.1]], [[23, 25], [1.0, 10000000.0, 0.1]], [[24, 25], [1.0, 10000000.0, 0.1]], [[22, 24], [1.0, 10000000.0, 0.1]], [[6, 24], [1.0, 10000000.0, 0.1]], [[7, 25], [1.0, 10000000.0, 0.1]], [[26, 1], [1.0, 10000000.0, 0.1]], [[27, 3], [1.0, 10000000.0, 0.1]], [[29, 1], [1.0, 10000000.0, 0.1]], [[29, 2], [1.0, 10000000.0, 0.1]], [[28, 3], [1.0, 10000000.0, 0.1]], [[26, 2], [1.0, 10000000.0, 0.1]], [[1, 2], [1.0, 10000000.0, 0.1]], [[26, 29], [1.0, 10000000.0, 0.1]], [[26, 27], [1.0, 10000000.0, 0.1]], [[26, 28], [1.0, 10000000.0, 0.1]], [[27, 29], [1.0, 10000000.0, 0.1]], [[28, 29], [1.0, 10000000.0, 0.1]], [[26, 0], [1.0, 10000000.0, 0.1]], [[27, 1], [1.0, 10000000.0, 0.1]], [[28, 2], [1.0, 10000000.0, 0.1]], [[29, 3], [1.0, 10000000.0, 0.1]]],