{"joint": [[[259.34156509891284, 590.6128094907476, 0.0], "PIN"], [[389.01234764836926, 590.6128094907476, 0.0], "PIN"], [[259.34156509891284, 787.4837459876635, 0.0], "PIN"], [[389.01234764836926, 787.4837459876635, 0.0], "PIN"], [[259.34156509891284, 590.6128094907476, 157.9180290816256], "NO"], [[389.01234764836926, 590.6128094907476, 157.9180290816256], "NO"], [[259.34156509891284, 787.4837459876635, 157.9180290816256], "NO"], [[389.01234764836926, 787.4837459876635, 157.9180290816256], "NO"], [[259.34156509891284, 393.74187299383175, 0.0], "PIN"], [[389.01234764836926, 393.74187299383175, 0.0], "PIN"], [[259.34156509891284, 393.74187299383175, 157.9180290816256], "NO"], [[389.01234764836926, 393.74187299383175, 157.9180290816256], "NO"], [[518.6831301978257, 590.6128094907476, 0.0], "PIN"], [[518.6831301978257, 787.4837459876635, 0.0], "PIN"], [[518.6831301978257, 590.6128094907476, 157.9180290816256], "NO"], [[518.6831301978257, 787.4837459876635, 157.9180290816256], "NO"], [[648.353912747282, 590.6128094907476, 0.0], "PIN"], [[648.353912747282, 787.4837459876635, 0.0], "PIN"], [[648.353912747282, 590.6128094907476, 157.9180290816256], "NO"], [[648.353912747282, 787.4837459876635, 157.9180290816256], "NO"], [[259.34156509891284, 590.6128094907476, 315.8360581632512], "NO"], [[389.01234764836926, 590.6128094907476, 315.8360581632512], "NO"], [[259.34156509891284, 787.4837459876635, 315.8360581632512], "NO"], [[389.01234764836926, 787.4837459876635, 315.8360581632512], "NO"], [[259.34156509891284, 984.3546824845794, 157.9180290816256], "NO"], [[389.01234764836926, 984.3546824845794, 157.9180290816256], "NO"], [[259.34156509891284, 984.3546824845794, 315.8360581632512], "NO"], [[389.01234764836926, 984.3546824845794, 315.8360581632512], "NO"], [[129.67078254945642, 590.6128094907476, 0.0], "PIN"], [[129.67078254945642, 787.4837459876635, 0.0], "PIN"], [[129.67078254945642, 590.6128094907476, 157.9180290816256], "NO"], [[129.67078254945642, 787.4837459876635, 157.9180290816256], "NO"]], "force": [[4, [11.769388097530737, -735.0868592670654, -301.98233007096985]], [5, [-862.4173718799615, -511.4311669837372, -430.0252175666866]], [6, [-123.63085398458031, 86.43592452317353, -394.96571404222027]], [7, [967.7066205029646, 614.1998865302846, 57.88138520454004]], [10, [335.72640742516705, 109.20456497935561, 863.5120788721549]], [15, [-792.826996163577, 756.2539299471841, -471.06815702574465]], [18, [779.4254140114183, 484.8333679619973, -689.1041804500192]], [19, [-436.4874570842114, -578.7406903861138, -314.23942441348277]], [20, [374.99425760266104, 705.8256307837946, 10.818116195974426]], [22, [-497.7574958602118, 816.3180924371438, -898.4022126749387]], [24, [268.5688946183884, 658.6961787444386, -911.8264764019]], [26, [-332.88692278982364, -738.3606785965956, 959.5959076576719]], [30, [-676.8360474522277, -116.32897627829891, 411.3348935199815]]], "member": [[[0, 5], [1.0, 10000000.0, 0.1]], [[1, 4], [1.0, 10000000.0, 0.1]], [[1, 7], [1.0, 10000000.0, 0.1]], [[3, 6], [1.0, 10000000.0, 0.1]], [[2, 7], [1.0, 10000000.0, 0.1]], [[0, 6], [1.0, 10000000.0, 0.1]], [[4, 7], [1.0, 10000000.0, 0.1]], [[0, 3], [1.0, 10000000.0, 0.1]], [[4, 5], [1.0, 10000000.0, 0.1]], [[5, 7], [1.0, 10000000.0, 0.1]], [[6, 7], [1.0, 10000000.0, 0.1]], [[4, 6], [1.0, 10000000.0, 0.1]], [[0, 1], [1.0, 10000000.0, 0.1]], [[0, 2], [1.0, 10000000.0, 0.1]], [[1, 3], [1.0, 10000000.0, 0.1]], [[2, 3], [1.0, 10000000.0, 0.1]], [[0, 4], [1.0, 10000000.0, 0.1]], [[1, 5], [1.0, 10000000.0, 0.1]], [[2, 6], [1.0, 10000000.0, 0.1]], [[3, 7], [1.0, 10000000.0, 0.1]], [[8, 11], [1.0, 10000000.0, 0.1]], [[9, 10], [1.0, 10000000.0, 0.1]], [[1, 11], [1.0, 10000000.0, 0.1]], [[0, 10], [1.0, 10000000.0, 0.1]], [[8, 4], [1.0, 10000000.0, 0.1]], [[10, 5], [1.0, 10000000.0, 0.1]], [[8, 1], [1.0, 10000000.0, 0.1]], [[10, 11], [1.0, 10000000.0, 0.1]], [[11, 5], [1.0, 10000000.0, 0.1]], [[10, 4], [1.0, 10000000.0, 0.1]], [[8, 9], [1.0, 10000000.0, 0.1]], [[8, 0], [1.0, 10000000.0, 0.1]], [[9, 1], [1.0, 10000000.0, 0.1]], [[8, 10], [1.0, 10000000.0, 0.1]], [[9, 11], [1.0, 10000000.0, 0.1]], [[1, 14], [1.0, 10000000.0, 0.1]], [[12, 5], [1.0, 10000000.0, 0.1]], [[12, 15], [1.0, 10000000.0, 0.1]], [[13, 7], [1.0, 10000000.0, 0.1]], [[3, 5], [1.0, 10000000.0, 0.1]], [[5, 15], [1.0, 10000000.0, 0.1]], [[14, 7], [1.0, 10000000.0, 0.1]], [[1, 13], [1.0, 10000000.0, 0.1]], [[5, 14], [1.0, 10000000.0, 0.1]], [[14, 15], [1.0, 10000000.0, 0.1]], [[7, 15], [1.0, 10000000.0, 0.1]], [[1, 12], [1.0, 10000000.0, 0.1]], [[12, 13], [1.0, 10000000.0, 0.1]], [[3, 13], [1.0, 10000000.0, 0.1]], [[12, 14], [1.0, 10000000.0, 0.1]], [[13, 15], [1.0, 10000000.0, 0.1]], [[12, 18], [1.0, 10000000.0, 0.1]], [[16, 14], [1.0, 10000000.0, 0.1]], [[16, 19], [1.0, 10000000.0, 0.1]], [[13, 19], [1.0, 10000000.0, 0.1]], [[13, 14], [1.0, 10000000.0, 0.1]], [[14, 19], [1.0, 10000000.0, 0.1]], [[18, 15], [1.0, 10000000.0, 0.1]], [[12, 17], [1.0, 10000000.0, 0.1]], [[14, 18], [1.0, 10000000.0, 0.1]], [[18, 19], [1.0, 10000000.0, 0.1]], [[15, 19], [1.0, 10000000.0, 0.1]], [[12, 16], [1.0, 10000000.0, 0.1]], [[16, 17], [1.0, 10000000.0, 0.1]], [[13, 17], [1.0, 10000000.0, 0.1]], [[16, 18], [1.0, 10000000.0, 0.1]], [[17, 19], [1.0, 10000000.0, 0.1]], [[4, 21], [1.0, 10000000.0, 0.1]], [[5, 20], [1.0, 10000000.0, 0.1]], [[5, 23], [1.0, 10000000.0, 0.1]], [[7, 21], [1.0, 10000000.0, 0.1]], [[7, 22], [1.0, 10000000.0, 0.1]], [[6, 20], [1.0, 10000000.0, 0.1]], [[4, 22], [1.0, 10000000.0, 0.1]], [[20, 23], [1.0, 10000000.0, 0.1]], [[5, 6], [1.0, 10000000.0, 0.1]], [[20, 21], [1.0, 10000000.0, 0.1]], [[21, 23], [1.0, 10000000.0, 0.1]], [[22, 23], [1.0, 10000000.0, 0.1]], [[20, 22], [1.0, 10000000.0, 0.1]], [[4, 20], [1.0, 10000000.0, 0.1]], [[5, 21], [1.0, 10000000.0, 0.1]], [[6, 22], [1.0, 10000000.0, 0.1]], [[7, 23], [1.0, 10000000.0, 0.1]], [[6, 23], [1.0, 10000000.0, 0.1]], [[7, 27], [1.0, 10000000.0, 0.1]], [[25, 23], [1.0, 10000000.0, 0.1]], [[25, 26], [1.0, 10000000.0, 0.1]], [[24, 27], [1.0, 10000000.0, 0.1]], [[24, 22], [1.0, 10000000.0, 0.1]], [[6, 26], [1.0, 10000000.0, 0.1]], [[23, 26], [1.0, 10000000.0, 0.1]], [[7, 24], [1.0, 10000000.0, 0.1]], [[23, 27], [1.0, 10000000.0, 0.1]], [[26, 27], [1.0, 10000000.0, 0.1]], [[22, 26], [1.0, 10000000.0, 0.1]], [[6, 24], [1.0, 10000000.0, 0.1]], [[7, 25], [1.0, 10000000.0, 0.1]], [[24, 25], [1.0, 10000000.0, 0.1]], [[24, 26], [1.0, 10000000.0, 0.1]], [[25, 27], [1.0, 10000000.0, 0.1]], [[28, 4], [1.0, 10000000.0, 0.1]], [[2, 4], [1.0, 10000000.0, 0.1]], [[2, 31], [1.0, 10000000.0, 0.1]], [[29, 6], [1.0, 10000000.0, 0.1]], [[28, 31], [1.0, 10000000.0, 0.1]], [[30, 6], [1.0, 10000000.0, 0.1]], [[0, 29], [1.0, 10000000.0, 0.1]], [[30, 4], [1.0, 10000000.0, 0.1]], [[31, 6], [1.0, 10000000.0, 0.1]], [[30, 31], [1.0, 10000000.0, 0.1]], [[28, 0], [1.0, 10000000.0, 0.1]], [[28, 29], [1.0, 10000000.0, 0.1]], [[29, 2], [1.0, 10000000.0, 0.1]], [[28, 30], [1.0, 10000000.0, 0.1]], [[29, 31], [1.0, 10000000.0, 0.1]]],