{"joint": [[[109.27458433801479, 109.6716376833464, 184.74943663474596], "NO"], [[218.54916867602958, 109.6716376833464, 184.74943663474596], "NO"], [[109.27458433801479, 219.3432753666928, 184.74943663474596], "NO"], [[218.54916867602958, 219.3432753666928, 184.74943663474596], "NO"], [[109.27458433801479, 109.6716376833464, 369.4988732694919], "NO"], [[218.54916867602958, 109.6716376833464, 369.4988732694919], "NO"], [[109.27458433801479, 219.3432753666928, 369.4988732694919], "NO"], [[218.54916867602958, 219.3432753666928, 369.4988732694919], "NO"], [[109.27458433801479, 329.01491305003924, 184.74943663474596], "NO"], [[218.54916867602958, 329.01491305003924, 184.74943663474596], "NO"], [[109.27458433801479, 329.01491305003924, 369.4988732694919], "NO"], [[218.54916867602958, 329.01491305003924, 369.4988732694919], "NO"], [[109.27458433801479, 219.3432753666928, 554.2483099042379], "NO"], [[218.54916867602958, 219.3432753666928, 554.2483099042379], "NO"], [[109.27458433801479, 329.01491305003924, 554.2483099042379], "NO"], [[218.54916867602958, 329.01491305003924, 554.2483099042379], "NO"], [[109.27458433801479, 109.6716376833464, 0.0], "PIN"], [[218.54916867602958, 109.6716376833464, 0.0], "PIN"], [[109.27458433801479, 219.3432753666928, 0.0], "PIN"], [[218.54916867602958, 219.3432753666928, 0.0], "PIN"], [[0.0, 109.6716376833464, 0.0], "PIN"], [[0.0, 219.3432753666928, 0.0], "PIN"], [[0.0, 109.6716376833464, 184.74943663474596], "NO"], [[0.0, 219.3432753666928, 184.74943663474596], "NO"], [[0.0, 109.6716376833464, 369.4988732694919], "NO"], [[0.0, 219.3432753666928, 369.4988732694919], "NO"], [[0.0, 109.6716376833464, 554.2483099042379], "NO"], [[109.27458433801479, 109.6716376833464, 554.2483099042379], "NO"], [[0.0, 219.3432753666928, 554.2483099042379], "NO"]], "force": [[5, [979.0467012731906, 279.99951970818574, 113.89948754929242]], [7, [369.2285019797491, 685.7038403796191, 551.9998230924896]], [8, [-541.9038560717913, -935.7995121919245, -369.0939038818361]], [12, [-464.5182480485945, -578.0343128273471, 885.8194286701089]], [14, [752.7352529453376, -370.64423840304414, 310.87733058976005]], [23, [-208.73619787867153, 829.0951794810869, -82.29629482520238]]], "member": [[[0, 5], [1.0, 10000000.0, 0.1]], [[1, 4], [1.0, 10000000.0, 0.1]], [[3, 5], [1.0, 10000000.0, 0.1]], [[3, 6], [1.0, 10000000.0, 0.1]], [[2, 4], [1.0, 10000000.0, 0.1]], [[0, 6], [1.0, 10000000.0, 0.1]], [[5, 6], [1.0, 10000000.0, 0.1]], [[0, 3], [1.0, 10000000.0, 0.1]], [[1, 2], [1.0, 10000000.0, 0.1]], [[4, 5], [1.0, 10000000.0, 0.1]], [[5, 7], [1.0, 10000000.0, 0.1]], [[6, 7], [1.0, 10000000.0, 0.1]], [[4, 6], [1.0, 10000000.0, 0.1]], [[0, 1], [1.0, 10000000.0, 0.1]], [[0, 2], [1.0, 10000000.0, 0.1]], [[1, 3], [1.0, 10000000.0, 0.1]], [[2, 3], [1.0, 10000000.0, 0.1]], [[0, 4], [1.0, 10000000.0, 0.1]], [[1, 5], [1.0, 10000000.0, 0.1]], [[2, 6], [1.0, 10000000.0, 0.1]], [[3, 7], [1.0, 10000000.0, 0.1]], [[2, 7], [1.0, 10000000.0, 0.1]], [[9, 7], [1.0, 10000000.0, 0.1]], [[9, 10], [1.0, 10000000.0, 0.1]], [[8, 6], [1.0, 10000000.0, 0.1]], [[2, 10], [1.0, 10000000.0, 0.1]], [[7, 10], [1.0, 10000000.0, 0.1]], [[2, 9], [1.0, 10000000.0, 0.1]], [[3, 8], [1.0, 10000000.0, 0.1]], [[7, 11], [1.0, 10000000.0, 0.1]], [[10, 11], [1.0, 10000000.0, 0.1]], [[6, 10], [1.0, 10000000.0, 0.1]], [[2, 8], [1.0, 10000000.0, 0.1]], [[3, 9], [1.0, 10000000.0, 0.1]], [[8, 9], [1.0, 10000000.0, 0.1]], [[8, 10], [1.0, 10000000.0, 0.1]], [[9, 11], [1.0, 10000000.0, 0.1]], [[6, 13], [1.0, 10000000.0, 0.1]], [[7, 12], [1.0, 10000000.0, 0.1]], [[11, 13], [1.0, 10000000.0, 0.1]], [[11, 14], [1.0, 10000000.0, 0.1]], [[10, 15], [1.0, 10000000.0, 0.1]], [[10, 12], [1.0, 10000000.0, 0.1]], [[12, 15], [1.0, 10000000.0, 0.1]], [[13, 14], [1.0, 10000000.0, 0.1]], [[6, 11], [1.0, 10000000.0, 0.1]], [[12, 13], [1.0, 10000000.0, 0.1]], [[13, 15], [1.0, 10000000.0, 0.1]], [[14, 15], [1.0, 10000000.0, 0.1]], [[12, 14], [1.0, 10000000.0, 0.1]], [[6, 12], [1.0, 10000000.0, 0.1]], [[7, 13], [1.0, 10000000.0, 0.1]], [[10, 14], [1.0, 10000000.0, 0.1]], [[11, 15], [1.0, 10000000.0, 0.1]], [[16, 1], [1.0, 10000000.0, 0.1]], [[17, 3], [1.0, 10000000.0, 0.1]], [[19, 1], [1.0, 10000000.0, 0.1]], [[19, 2], [1.0, 10000000.0, 0.1]], [[16, 2], [1.0, 10000000.0, 0.1]], [[16, 19], [1.0, 10000000.0, 0.1]], [[16, 17], [1.0, 10000000.0, 0.1]], [[16, 18], [1.0, 10000000.0, 0.1]], [[17, 19], [1.0, 10000000.0, 0.1]], [[18, 19], [1.0, 10000000.0, 0.1]], [[16, 0], [1.0, 10000000.0, 0.1]], [[17, 1], [1.0, 10000000.0, 0.1]], [[18, 2], [1.0, 10000000.0, 0.1]], [[19, 3], [1.0, 10000000.0, 0.1]], [[20, 0], [1.0, 10000000.0, 0.1]], [[18, 0], [1.0, 10000000.0, 0.1]], [[21, 2], [1.0, 10000000.0, 0.1]], [[20, 23], [1.0, 10000000.0, 0.1]], [[22, 2], [1.0, 10000000.0, 0.1]], [[0, 23], [1.0, 10000000.0, 0.1]], [[16, 21], [1.0, 10000000.0, 0.1]], [[22, 0], [1.0, 10000000.0, 0.1]], [[23, 2], [1.0, 10000000.0, 0.1]], [[22, 23], [1.0, 10000000.0, 0.1]], [[20, 16], [1.0, 10000000.0, 0.1]], [[20, 21], [1.0, 10000000.0, 0.1]], [[21, 18], [1.0, 10000000.0, 0.1]], [[20, 22], [1.0, 10000000.0, 0.1]], [[21, 23], [1.0, 10000000.0, 0.1]], [[22, 4], [1.0, 10000000.0, 0.1]], [[23, 6], [1.0, 10000000.0, 0.1]], [[23, 24], [1.0, 10000000.0, 0.1]], [[24, 6], [1.0, 10000000.0, 0.1]], [[4, 25], [1.0, 10000000.0, 0.1]], [[24, 4], [1.0, 10000000.0, 0.1]], [[25, 6], [1.0, 10000000.0, 0.1]], [[24, 25], [1.0, 10000000.0, 0.1]], [[22, 24], [1.0, 10000000.0, 0.1]], [[23, 25], [1.0, 10000000.0, 0.1]], [[24, 27], [1.0, 10000000.0, 0.1]], [[4, 26], [1.0, 10000000.0, 0.1]], [[4, 12], [1.0, 10000000.0, 0.1]], [[6, 27], [1.0, 10000000.0, 0.1]], [[6, 28], [1.0, 10000000.0, 0.1]], [[25, 12], [1.0, 10000000.0, 0.1]], [[25, 26], [1.0, 10000000.0, 0.1]], [[26, 12], [1.0, 10000000.0, 0.1]], [[27, 28], [1.0, 10000000.0, 0.1]], [[26, 27], [1.0, 10000000.0, 0.1]], [[27, 12], [1.0, 10000000.0, 0.1]], [[28, 12], [1.0, 10000000.0, 0.1]], [[26, 28], [1.0, 10000000.0, 0.1]], [[24, 26], [1.0, 10000000.0, 0.1]], [[4, 27], [1.0, 10000000.0, 0.1]], [[25, 28], [1.0, 10000000.0, 0.1]]], "displace": [[0, [0.04630741426004649, -0.03580972085842164, -0.01352653395229764]], [1, [0.04996991415864872, -0.005070044490158914, -0.019765761541794227]], [2, [0.016687970527086805, -0.04051590704707983, 0.014692910519865416]], [3, [0.014370284650793102, -0.0005035727860525771, 0.0002450245017772083]], [4, [0.08974639234116193, -0.10557922999103081, -0.018833510639212164]], [5, [0.09946218312610207, -0.05606428811975386, -0.02953591607858682]], [6, [0.05669593069051596, -0.10564460774850062, 0.021161352367648042]], [7, [0.05910770806912231, -0.057375068232528574, 0.0010462505045910583]], [8, [-0.04227549501854584, -0.051258432084666884, 0.06032709260878741]], [9, [-0.03836044946983614, 0.003985614815073245, 0.04109019396580851]], [10, [0.015084331288670743, -0.10849728586009653, 0.07152117865375596]], [11, [0.01585462603796822, -0.06281509535430305, 0.04414373273777201]], [12, [0.09056906617911686, -0.19664345001074868, 0.026969473456308544]], [13, [0.09484779550288333, -0.18587750105242665, -0.008018905421216853]], [14, [0.09076901439782603, -0.1978847249926051, 0.08162125203503409]], [15, [0.08687089737076652, -0.18773456029207555, 0.03827114069359703]], [22, [0.04429370254339139, -0.0560468572407683, -0.0018668619244228174]], [23, [0.021088527252899645, -0.0517900583299804, 0.026741377240185434]], [24, [0.08783389125381921, -0.13243442499048344, -0.010057492355225078]], [25, [0.059632041252964986, -0.13340999491508235, 0.03554607423824279]], [26, [0.10630157179883355, -0.2116801711737779, -0.01001292221507794]], [27, [0.10674370832213229, -0.19473839386754244, -0.02311502552600958]], [28, [0.08983424449120407, -0.2116556420513633, 0.037576904255493586]]],