{"joint": [[[280.14148845038795, 429.63286810225594, 0.0], "PIN"], [[420.21223267558196, 429.63286810225594, 0.0], "PIN"], [[280.14148845038795, 537.0410851278199, 0.0], "PIN"], [[420.21223267558196, 537.0410851278199, 0.0], "PIN"], [[280.14148845038795, 429.63286810225594, 162.94457069519984], "NO"], [[420.21223267558196, 429.63286810225594, 162.94457069519984], "NO"], [[280.14148845038795, 537.0410851278199, 162.94457069519984], "NO"], [[420.21223267558196, 537.0410851278199, 162.94457069519984], "NO"], [[280.14148845038795, 322.22465107669194, 0.0], "PIN"], [[420.21223267558196, 322.22465107669194, 0.0], "PIN"], [[280.14148845038795, 322.22465107669194, 162.94457069519984], "NO"], [[420.21223267558196, 322.22465107669194, 162.94457069519984], "NO"], [[140.07074422519398, 429.63286810225594, 0.0], "PIN"], [[140.07074422519398, 537.0410851278199, 0.0], "PIN"], [[140.07074422519398, 429.63286810225594, 162.94457069519984], "NO"], [[140.07074422519398, 537.0410851278199, 162.94457069519984], "NO"], [[280.14148845038795, 429.63286810225594, 325.8891413903997], "NO"], [[420.21223267558196, 429.63286810225594, 325.8891413903997], "NO"], [[280.14148845038795, 537.0410851278199, 325.8891413903997], "NO"], [[420.21223267558196, 537.0410851278199, 325.8891413903997], "NO"], [[560.2829769007759, 429.63286810225594, 162.94457069519984], "NO"], [[560.2829769007759, 537.0410851278199, 162.94457069519984], "NO"], [[560.2829769007759, 429.63286810225594, 325.8891413903997], "NO"], [[560.2829769007759, 537.0410851278199, 325.8891413903997], "NO"], [[560.2829769007759, 429.63286810225594, 0.0], "PIN"], [[560.2829769007759, 537.0410851278199, 0.0], "PIN"], [[700.3537211259699, 429.63286810225594, 0.0], "PIN"], [[700.3537211259699, 537.0410851278199, 0.0], "PIN"], [[700.3537211259699, 429.63286810225594, 162.94457069519984], "NO"], [[700.3537211259699, 537.0410851278199, 162.94457069519984], "NO"]], "force": [[5, [-149.7220677915767, 89.12475742115726, 295.2694468049615]], [7, [816.8228904252121, 653.2623193001193, -857.1803262883717]], [10, [-668.1544215585507, -384.77637477153496, 497.9154441392466]], [11, [138.41409863818467, -422.7788233883165, -751.2926836505835]], [14, [377.35598242418746, 399.46736995143465, 885.3524814880816]], [15, [0.944354235851165, -12.40956130983136, -839.1162962013981]], [17, [-920.2784316327738, -135.94267167845487, -355.3568332834001]], [18, [-499.2641951759922, -817.3462267380296, 923.8222043856733]], [19, [671.9172278123626, 150.398218439861, 901.5725556127047]], [20, [999.1448337549027, 344.5631686064785, -460.9779480658922]], [21, [-919.5366537107676, 512.5376608251142, -58.998353496732875]], [22, [303.01897886737265, 832.1455758535351, -637.0217055537482]], [23, [170.6592505557087, 269.56943890817365, -16.548395617973256]], [28, [-817.5151874123457, -304.0778874106991, -333.383212669816]], [29, [340.267019042371, 715.4661888007051, -340.39267284206915]]], "member": [[[0, 5], [1.0, 10000000.0, 0.1]], [[1, 7], [1.0, 10000000.0, 0.1]], [[3, 6], [1.0, 10000000.0, 0.1]], [[2, 4], [1.0, 10000000.0, 0.1]], [[0, 6], [1.0, 10000000.0, 0.1]], [[5, 6], [1.0, 10000000.0, 0.1]], [[0, 3], [1.0, 10000000.0, 0.1]], [[4, 5], [1.0, 10000000.0, 0.1]], [[5, 7], [1.0, 10000000.0, 0.1]], [[6, 7], [1.0, 10000000.0, 0.1]], [[4, 6], [1.0, 10000000.0, 0.1]], [[0, 1], [1.0, 10000000.0, 0.1]], [[0, 2], [1.0, 10000000.0, 0.1]], [[1, 3], [1.0, 10000000.0, 0.1]], [[2, 3], [1.0, 10000000.0, 0.1]], [[0, 4], [1.0, 10000000.0, 0.1]], [[1, 5], [1.0, 10000000.0, 0.1]], [[2, 6], [1.0, 10000000.0, 0.1]], [[3, 7], [1.0, 10000000.0, 0.1]], [[8, 11], [1.0, 10000000.0, 0.1]], [[9, 5], [1.0, 10000000.0, 0.1]], [[1, 4], [1.0, 10000000.0, 0.1]], [[8, 4], [1.0, 10000000.0, 0.1]], [[10, 5], [1.0, 10000000.0, 0.1]], [[11, 4], [1.0, 10000000.0, 0.1]], [[8, 1], [1.0, 10000000.0, 0.1]], [[9, 0], [1.0, 10000000.0, 0.1]], [[10, 11], [1.0, 10000000.0, 0.1]], [[11, 5], [1.0, 10000000.0, 0.1]], [[10, 4], [1.0, 10000000.0, 0.1]], [[8, 9], [1.0, 10000000.0, 0.1]], [[8, 0], [1.0, 10000000.0, 0.1]], [[9, 1], [1.0, 10000000.0, 0.1]], [[8, 10], [1.0, 10000000.0, 0.1]], [[9, 11], [1.0, 10000000.0, 0.1]], [[12, 4], [1.0, 10000000.0, 0.1]], [[0, 14], [1.0, 10000000.0, 0.1]], [[2, 15], [1.0, 10000000.0, 0.1]], [[13, 6], [1.0, 10000000.0, 0.1]], [[12, 15], [1.0, 10000000.0, 0.1]], [[4, 15], [1.0, 10000000.0, 0.1]], [[0, 13], [1.0, 10000000.0, 0.1]], [[14, 4], [1.0, 10000000.0, 0.1]], [[15, 6], [1.0, 10000000.0, 0.1]], [[14, 15], [1.0, 10000000.0, 0.1]], [[12, 0], [1.0, 10000000.0, 0.1]], [[12, 13], [1.0, 10000000.0, 0.1]], [[13, 2], [1.0, 10000000.0, 0.1]], [[12, 14], [1.0, 10000000.0, 0.1]], [[13, 15], [1.0, 10000000.0, 0.1]], [[5, 16], [1.0, 10000000.0, 0.1]], [[5, 19], [1.0, 10000000.0, 0.1]], [[7, 17], [1.0, 10000000.0, 0.1]], [[6, 19], [1.0, 10000000.0, 0.1]], [[4, 18], [1.0, 10000000.0, 0.1]], [[16, 19], [1.0, 10000000.0, 0.1]], [[17, 18], [1.0, 10000000.0, 0.1]], [[4, 7], [1.0, 10000000.0, 0.1]], [[16, 17], [1.0, 10000000.0, 0.1]], [[17, 19], [1.0, 10000000.0, 0.1]], [[18, 19], [1.0, 10000000.0, 0.1]], [[16, 18], [1.0, 10000000.0, 0.1]], [[4, 16], [1.0, 10000000.0, 0.1]], [[5, 17], [1.0, 10000000.0, 0.1]], [[6, 18], [1.0, 10000000.0, 0.1]], [[7, 19], [1.0, 10000000.0, 0.1]], [[5, 22], [1.0, 10000000.0, 0.1]], [[20, 23], [1.0, 10000000.0, 0.1]], [[21, 22], [1.0, 10000000.0, 0.1]], [[21, 19], [1.0, 10000000.0, 0.1]], [[7, 23], [1.0, 10000000.0, 0.1]], [[17, 23], [1.0, 10000000.0, 0.1]], [[5, 21], [1.0, 10000000.0, 0.1]], [[20, 7], [1.0, 10000000.0, 0.1]], [[17, 22], [1.0, 10000000.0, 0.1]], [[22, 23], [1.0, 10000000.0, 0.1]], [[19, 23], [1.0, 10000000.0, 0.1]], [[5, 20], [1.0, 10000000.0, 0.1]], [[20, 21], [1.0, 10000000.0, 0.1]], [[7, 21], [1.0, 10000000.0, 0.1]], [[20, 22], [1.0, 10000000.0, 0.1]], [[21, 23], [1.0, 10000000.0, 0.1]], [[1, 20], [1.0, 10000000.0, 0.1]], [[25, 20], [1.0, 10000000.0, 0.1]], [[25, 7], [1.0, 10000000.0, 0.1]], [[3, 21], [1.0, 10000000.0, 0.1]], [[3, 5], [1.0, 10000000.0, 0.1]], [[1, 25], [1.0, 10000000.0, 0.1]], [[1, 24], [1.0, 10000000.0, 0.1]], [[24, 25], [1.0, 10000000.0, 0.1]], [[3, 25], [1.0, 10000000.0, 0.1]], [[24, 20], [1.0, 10000000.0, 0.1]], [[25, 21], [1.0, 10000000.0, 0.1]], [[24, 28], [1.0, 10000000.0, 0.1]], [[26, 29], [1.0, 10000000.0, 0.1]], [[27, 28], [1.0, 10000000.0, 0.1]], [[27, 21], [1.0, 10000000.0, 0.1]], [[20, 29], [1.0, 10000000.0, 0.1]], [[26, 25], [1.0, 10000000.0, 0.1]], [[20, 28], [1.0, 10000000.0, 0.1]], [[28, 29], [1.0, 10000000.0, 0.1]], [[21, 29], [1.0, 10000000.0, 0.1]], [[24, 26], [1.0, 10000000.0, 0.1]], [[26, 27], [1.0, 10000000.0, 0.1]], [[25, 27], [1.0, 10000000.0, 0.1]], [[26, 28], [1.0, 10000000.0, 0.1]], [[27, 29], [1.0, 10000000.0, 0.1]]],