{"joint": [[[0.0, 127.85682124949992, 122.61590943278475], "NO"], [[111.48853135303082, 127.85682124949992, 122.61590943278475], "NO"], [[0.0, 255.71364249899983, 122.61590943278475], "NO"], [[111.48853135303082, 255.71364249899983, 122.61590943278475], "NO"], [[0.0, 127.85682124949992, 245.2318188655695], "NO"], [[111.48853135303082, 127.85682124949992, 245.2318188655695], "NO"], [[0.0, 255.71364249899983, 245.2318188655695], "NO"], [[111.48853135303082, 255.71364249899983, 245.2318188655695], "NO"], [[0.0, 127.85682124949992, 0.0], "PIN"], [[111.48853135303082, 127.85682124949992, 0.0], "PIN"], [[0.0, 255.71364249899983, 0.0], "PIN"], [[111.48853135303082, 255.71364249899983, 0.0], "PIN"], [[0.0, 383.5704637484997, 0.0], "PIN"], [[111.48853135303082, 383.5704637484997, 0.0], "PIN"], [[0.0, 383.5704637484997, 122.61590943278475], "NO"], [[111.48853135303082, 383.5704637484997, 122.61590943278475], "NO"], [[222.97706270606164, 127.85682124949992, 122.61590943278475], "NO"], [[222.97706270606164, 255.71364249899983, 122.61590943278475], "NO"], [[222.97706270606164, 127.85682124949992, 245.2318188655695], "NO"], [[222.97706270606164, 255.71364249899983, 245.2318188655695], "NO"], [[0.0, 127.85682124949992, 367.84772829835424], "NO"], [[111.48853135303082, 127.85682124949992, 367.84772829835424], "NO"], [[0.0, 255.71364249899983, 367.84772829835424], "NO"], [[111.48853135303082, 255.71364249899983, 367.84772829835424], "NO"], [[0.0, 0.0, 245.2318188655695], "NO"], [[111.48853135303082, 0.0, 245.2318188655695], "NO"], [[0.0, 0.0, 367.84772829835424], "NO"], [[111.48853135303082, 0.0, 367.84772829835424], "NO"], [[0.0, 0.0, 122.61590943278475], "NO"], [[111.48853135303082, 0.0, 122.61590943278475], "NO"]], "force": [[1, [-151.97045377400968, 214.15201488203093, -171.63252423455071]], [2, [-568.8620693245064, 24.69261160220958, -309.65428903827626]], [4, [-778.2204555981389, 356.4357858670687, 186.26850078452753]], [5, [53.86821429628958, -383.16121629748716, -558.9631289949508]], [7, [968.891316642239, -890.4360829638381, -591.1537512925365]], [14, [890.648174453288, 534.699054617208, 528.3217915224955]], [16, [-421.10573756512485, -760.0313125889018, -5.229342773346275]], [24, [-138.68997729279408, -741.6285964815701, 65.16469573484756]], [25, [-539.7785678466806, 117.44713534942548, 336.09634349048406]], [26, [-291.6656572807508, -205.85765150540533, 484.0826547488905]], [27, [-127.56080897537572, -80.49149928744987, -844.2747762484848]]], "member": [[[1, 4], [1.0, 10000000.0, 0.1]], [[1, 7], [1.0, 10000000.0, 0.1]], [[3, 5], [1.0, 10000000.0, 0.1]], [[3, 6], [1.0, 10000000.0, 0.1]], [[2, 7], [1.0, 10000000.0, 0.1]], [[2, 4], [1.0, 10000000.0, 0.1]], [[0, 6], [1.0, 10000000.0, 0.1]], [[4, 7], [1.0, 10000000.0, 0.1]], [[5, 6], [1.0, 10000000.0, 0.1]], [[0, 3], [1.0, 10000000.0, 0.1]], [[1, 2], [1.0, 10000000.0, 0.1]], [[4, 5], [1.0, 10000000.0, 0.1]], [[5, 7], [1.0, 10000000.0, 0.1]], [[6, 7], [1.0, 10000000.0, 0.1]], [[4, 6], [1.0, 10000000.0, 0.1]], [[0, 1], [1.0, 10000000.0, 0.1]], [[0, 2], [1.0, 10000000.0, 0.1]], [[1, 3], [1.0, 10000000.0, 0.1]], [[2, 3], [1.0, 10000000.0, 0.1]], [[0, 4], [1.0, 10000000.0, 0.1]], [[1, 5], [1.0, 10000000.0, 0.1]], [[2, 6], [1.0, 10000000.0, 0.1]], [[3, 7], [1.0, 10000000.0, 0.1]], [[8, 1], [1.0, 10000000.0, 0.1]], [[9, 0], [1.0, 10000000.0, 0.1]], [[9, 3], [1.0, 10000000.0, 0.1]], [[11, 2], [1.0, 10000000.0, 0.1]], [[10, 3], [1.0, 10000000.0, 0.1]], [[10, 0], [1.0, 10000000.0, 0.1]], [[8, 2], [1.0, 10000000.0, 0.1]], [[9, 10], [1.0, 10000000.0, 0.1]], [[8, 9], [1.0, 10000000.0, 0.1]], [[8, 10], [1.0, 10000000.0, 0.1]], [[9, 11], [1.0, 10000000.0, 0.1]], [[10, 11], [1.0, 10000000.0, 0.1]], [[8, 0], [1.0, 10000000.0, 0.1]], [[9, 1], [1.0, 10000000.0, 0.1]], [[10, 2], [1.0, 10000000.0, 0.1]], [[11, 3], [1.0, 10000000.0, 0.1]], [[11, 15], [1.0, 10000000.0, 0.1]], [[12, 15], [1.0, 10000000.0, 0.1]], [[12, 2], [1.0, 10000000.0, 0.1]], [[10, 14], [1.0, 10000000.0, 0.1]], [[3, 14], [1.0, 10000000.0, 0.1]], [[11, 12], [1.0, 10000000.0, 0.1]], [[3, 15], [1.0, 10000000.0, 0.1]], [[14, 15], [1.0, 10000000.0, 0.1]], [[2, 14], [1.0, 10000000.0, 0.1]], [[10, 12], [1.0, 10000000.0, 0.1]], [[11, 13], [1.0, 10000000.0, 0.1]], [[12, 13], [1.0, 10000000.0, 0.1]], [[12, 14], [1.0, 10000000.0, 0.1]], [[13, 15], [1.0, 10000000.0, 0.1]], [[16, 5], [1.0, 10000000.0, 0.1]], [[16, 19], [1.0, 10000000.0, 0.1]], [[17, 7], [1.0, 10000000.0, 0.1]], [[5, 19], [1.0, 10000000.0, 0.1]], [[18, 7], [1.0, 10000000.0, 0.1]], [[1, 17], [1.0, 10000000.0, 0.1]], [[16, 3], [1.0, 10000000.0, 0.1]], [[5, 18], [1.0, 10000000.0, 0.1]], [[18, 19], [1.0, 10000000.0, 0.1]], [[7, 19], [1.0, 10000000.0, 0.1]], [[1, 16], [1.0, 10000000.0, 0.1]], [[16, 17], [1.0, 10000000.0, 0.1]], [[3, 17], [1.0, 10000000.0, 0.1]], [[16, 18], [1.0, 10000000.0, 0.1]], [[17, 19], [1.0, 10000000.0, 0.1]], [[5, 20], [1.0, 10000000.0, 0.1]], [[5, 23], [1.0, 10000000.0, 0.1]], [[7, 22], [1.0, 10000000.0, 0.1]], [[6, 20], [1.0, 10000000.0, 0.1]], [[4, 22], [1.0, 10000000.0, 0.1]], [[20, 23], [1.0, 10000000.0, 0.1]], [[21, 22], [1.0, 10000000.0, 0.1]], [[20, 21], [1.0, 10000000.0, 0.1]], [[21, 23], [1.0, 10000000.0, 0.1]], [[22, 23], [1.0, 10000000.0, 0.1]], [[20, 22], [1.0, 10000000.0, 0.1]], [[4, 20], [1.0, 10000000.0, 0.1]], [[5, 21], [1.0, 10000000.0, 0.1]], [[6, 22], [1.0, 10000000.0, 0.1]], [[7, 23], [1.0, 10000000.0, 0.1]], [[24, 27], [1.0, 10000000.0, 0.1]], [[25, 21], [1.0, 10000000.0, 0.1]], [[5, 27], [1.0, 10000000.0, 0.1]], [[4, 21], [1.0, 10000000.0, 0.1]], [[4, 26], [1.0, 10000000.0, 0.1]], [[27, 20], [1.0, 10000000.0, 0.1]], [[25, 4], [1.0, 10000000.0, 0.1]], [[26, 27], [1.0, 10000000.0, 0.1]], [[27, 21], [1.0, 10000000.0, 0.1]], [[26, 20], [1.0, 10000000.0, 0.1]], [[24, 25], [1.0, 10000000.0, 0.1]], [[24, 4], [1.0, 10000000.0, 0.1]], [[25, 5], [1.0, 10000000.0, 0.1]], [[24, 26], [1.0, 10000000.0, 0.1]], [[25, 27], [1.0, 10000000.0, 0.1]], [[29, 24], [1.0, 10000000.0, 0.1]], [[1, 25], [1.0, 10000000.0, 0.1]], [[28, 4], [1.0, 10000000.0, 0.1]], [[28, 1], [1.0, 10000000.0, 0.1]], [[29, 0], [1.0, 10000000.0, 0.1]], [[28, 29], [1.0, 10000000.0, 0.1]], [[28, 0], [1.0, 10000000.0, 0.1]], [[29, 1], [1.0, 10000000.0, 0.1]], [[28, 24], [1.0, 10000000.0, 0.1]], [[29, 25], [1.0, 10000000.0, 0.1]]],