{"joint": {"0": [[0.0, 0.0, 0.0], "PIN"], "1": [[120.0, 0.0, 0.0], "PIN"], "2": [[120.0, 120.0, 0.0], "PIN"], "3": [[0.0, 120.0, 0.0], "PIN"], "4": [[0.0, 0.0, 60.0], "NO"], "5": [[120.0, 0.0, 60.0], "NO"], "6": [[120.0, 120.0, 60.0], "NO"], "7": [[0.0, 120.0, 60.0], "NO"], "8": [[0.0, 0.0, 120.0], "NO"], "9": [[120.0, 0.0, 120.0], "NO"], "10": [[120.0, 120.0, 120.0], "NO"], "11": [[0.0, 120.0, 120.0], "NO"], "12": [[0.0, 0.0, 180.0], "NO"], "13": [[120.0, 0.0, 180.0], "NO"], "14": [[120.0, 120.0, 180.0], "NO"], "15": [[0.0, 120.0, 180.0], "NO"], "16": [[0.0, 0.0, 240.0], "NO"], "17": [[120.0, 0.0, 240.0], "NO"], "18": [[120.0, 120.0, 240.0], "NO"], "19": [[0.0, 120.0, 240.0], "NO"]}, "force": {"0": [-1478.2095299943637, -1478.2095299943546, -6282.262336350101], "1": [-1040.2264167974315, -732.7650183091791, 1282.2623363501307], "2": [-1748.799034899024, -1748.7990348990236, 8717.73766364989], "3": [-732.7650183091832, -1040.2264167974183, 1282.2623363500868], "16": [5000.0, 5000.0, -5000.0]}, "member": {"0": [[0, 4], [1.0, 10000000.0, 0.1]], "1": [[1, 5], [1.0, 10000000.0, 0.1]], "2": [[2, 6], [1.0, 10000000.0, 0.1]], "3": [[3, 7], [1.0, 10000000.0, 0.1]], "4": [[1, 4], [1.0, 10000000.0, 0.1]], "5": [[0, 5], [1.0, 10000000.0, 0.1]], "6": [[1, 6], [1.0, 10000000.0, 0.1]], "7": [[2, 5], [1.0, 10000000.0, 0.1]], "8": [[2, 7], [1.0, 10000000.0, 0.1]], "9": [[3, 6], [1.0, 10000000.0, 0.1]], "10": [[0, 7], [1.0, 10000000.0, 0.1]], "11": [[3, 4], [1.0, 10000000.0, 0.1]], "12": [[4, 5], [1.0, 10000000.0, 0.1]], "13": [[5, 6], [1.0, 10000000.0, 0.1]], "14": [[6, 7], [1.0, 10000000.0, 0.1]], "15": [[7, 4], [1.0, 10000000.0, 0.1]], "16": [[4, 6], [1.0, 10000000.0, 0.1]], "17": [[5, 7], [1.0, 10000000.0, 0.1]], "18": [[4, 8], [1.0, 10000000.0, 0.1]], "19": [[5, 9], [1.0, 10000000.0, 0.1]], "20": [[6, 10], [1.0, 10000000.0, 0.1]], "21": [[7, 11], [1.0, 10000000.0, 0.1]], "22": [[5, 8], [1.0, 10000000.0, 0.1]], "23": [[4, 9], [1.0, 10000000.0, 0.1]], "24": [[5, 10], [1.0, 10000000.0, 0.1]], "25": [[6, 9], [1.0, 10000000.0, 0.1]], "26": [[6, 11], [1.0, 10000000.0, 0.1]], "27": [[7, 10], [1.0, 10000000.0, 0.1]], "28": [[4, 11], [1.0, 10000000.0, 0.1]], "29": [[7, 8], [1.0, 10000000.0, 0.1]], "30": [[8, 9], [1.0, 10000000.0, 0.1]], "31": [[9, 10], [1.0, 10000000.0, 0.1]], "32": [[10, 11], [1.0, 10000000.0, 0.1]], "33": [[11, 8], [1.0, 10000000.0, 0.1]], "34": [[8, 10], [1.0, 10000000.0, 0.1]], "35": [[9, 11], [1.0, 10000000.0, 0.1]], "36": [[8, 12], [1.0, 10000000.0, 0.1]], "37": [[9, 13], [1.0, 10000000.0, 0.1]], "38": [[10, 14], [1.0, 10000000.0, 0.1]], "39": [[11, 15], [1.0, 10000000.0, 0.1]], "40": [[9, 12], [1.0, 10000000.0, 0.1]], "41": [[8, 13], [1.0, 10000000.0, 0.1]], "42": [[9, 14], [1.0, 10000000.0, 0.1]], "43": [[10, 13], [1.0, 10000000.0, 0.1]], "44": [[10, 15], [1.0, 10000000.0, 0.1]], "45": [[11, 14], [1.0, 10000000.0, 0.1]], "46": [[8, 15], [1.0, 10000000.0, 0.1]], "47": [[11, 12], [1.0, 10000000.0, 0.1]], "48": [[12, 13], [1.0, 10000000.0, 0.1]], "49": [[13, 14], [1.0, 10000000.0, 0.1]], "50": [[14, 15], [1.0, 10000000.0, 0.1]], "51": [[15, 12], [1.0, 10000000.0, 0.1]], "52": [[12, 14], [1.0, 10000000.0, 0.1]], "53": [[13, 15], [1.0, 10000000.0, 0.1]], "54": [[12, 16], [1.0, 10000000.0, 0.1]], "55": [[13, 17], [1.0, 10000000.0, 0.1]], "56": [[14, 18], [1.0, 10000000.0, 0.1]], "57": [[15, 19], [1.0, 10000000.0, 0.1]], "58": [[13, 16], [1.0, 10000000.0, 0.1]], "59": [[12, 17], [1.0, 10000000.0, 0.1]], "60": [[13, 18], [1.0, 10000000.0, 0.1]], "61": [[14, 17], [1.0, 10000000.0, 0.1]], "62": [[14, 19], [1.0, 10000000.0, 0.1]], "63": [[15, 18], [1.0, 10000000.0, 0.1]], "64": [[12, 19], [1.0, 10000000.0, 0.1]], "65": [[15, 16], [1.0, 10000000.0, 0.1]], "66": [[16, 17], [1.0, 10000000.0, 0.1]], "67": [[17, 18], [1.0, 10000000.0, 0.1]], "68": [[18, 19], [1.0, 10000000.0, 0.1]], "69": [[19, 16], [1.0, 10000000.0, 0.1]], "70": [[16, 18], [1.0, 10000000.0, 0.1]], "71": [[17, 19], [1.0, 10000000.0, 0.1]]}, "displace": {"0": [0.0, 0.0, 0.0], "1": [0.0, 0.0, 0.0], "2": [0.0, 0.0, 0.0], "3": [0.0, 0.0, 0.0], "4": [0.031857285768692865, 0.03185728576869264, 0.02882431683813445], "5": [0.028175922366733594, 0.02594265649633381, -0.0067711898226360265], "6": [0.03319565882980168, 0.03319565882980161, -0.041813631772505196], "7": [0.02594265649633392, 0.028175922366733337, -0.006771189822635817], "8": [0.07531313324272523, 0.07531313324272469, 0.043798421307353896], "9": [0.07427855139838599, 0.07110857847064009, -0.013483428221246867], "10": [0.07490919237751596, 0.0749091923775157, -0.07073439582493259], "11": [0.07110857847064038, 0.07427855139838543, -0.013483428221246516], "12": [0.12521244697674458, 0.12521244697674366, 0.04247611179278479], "13": [0.13054521424175364, 0.12253824962580742, -0.019270827669622553], "14": [0.12254267773486348, 0.12254267773486295, -0.08574423894224754], "15": [0.12253824962580791, 0.13054521424175275, -0.019270827669622133], "16": [0.19246925242235646, 0.19246925242235524, 0.026451644697843273], "17": [0.17471464981630563, 0.16796188938795473, -0.02024898561495628], "18": [0.17225401483144265, 0.17225401483144193, -0.09074534201242007], "19": [0.16796188938795545, 0.17471464981630433, -0.020248985614955844]}, "internal": {"0": 4804.052806355741, "1": -1128.5316371060044, "2": -6968.938628750866, "3": -1128.5316371059694, "4": -1163.008489975043, "5": 1652.6884970277058, "6": 819.2561962366012, "7": -1955.216760510122, "8": -1955.2167605101224, "9": 819.2561962366059, "10": 1652.6884970276956, "11": -1163.0084899750284, "12": -306.780283496606, "13": 604.4168611223172, "14": 604.4168611223131, "15": -306.7802834966092, "16": 111.53108842574106, "17": 186.10548919996677, "18": 2495.6840782032414, "19": -1118.7063997684731, "20": -4820.127342071231, "21": -1118.70639976845, "22": -1456.8270207331122, "23": 1417.8262066668312, "24": 1132.3288586689082, "25": -1583.1878576806214, "26": -1583.1878576806246, "27": 1132.3288586689112, "28": 1417.826206666821, "29": -1456.8270207331002, "30": -86.21515369493682, "31": 316.71782557296683, "32": 316.7178255729659, "33": -86.21515369493864, "34": -33.661738767428055, "35": 264.1644106454568, "36": -220.38491909485128, "37": -964.566574729281, "38": -2501.640519552493, "39": -964.5665747292692, "40": -1530.2750380895188, "41": 1579.8304340360125, "42": 1020.246260248168, "43": -1459.8182113757807, "44": -1459.8182113757819, "45": 1020.2462602481728, "46": 1579.830434036003, "47": -1530.2750380895059, "48": 444.3972720840884, "49": 0.36900908795905707, "50": 0.36900908796451404, "51": 444.39727208409204, "52": -222.48077015674264, "53": 667.2470513287932, "54": -2670.744515823586, "55": -163.02632422228817, "56": -833.5171783620881, "57": -163.02632422228544, "58": -2604.18679979133, "59": 1209.3102757127015, "60": 931.9005356157171, "61": -844.772332629743, "62": -844.7723326297424, "63": 931.9005356157168, "64": 1209.310275712691, "65": -2604.1867997913214, "66": -1479.5502171709031, "67": 357.6771202905984, "68": 357.6771202906002, "69": -1479.5502171709086, "70": -1684.6031325761298, "71": 562.730035695824}, "weight": 853.0895536677771}