{"joint": {"0": [[720.0, 360.0], "NO"], "1": [[720.0, 0.0], "NO"], "2": [[360.0, 360.0], "NO"], "3": [[360.0, 0.0], "NO"], "4": [[0.0, 360.0], "PIN"], "5": [[0.0, 0.0], "PIN"]}, "force": {"1": [0.0, -100000.0], "3": [0.0, -100000.0], "4": [-300000.0, 203419.52408545092], "5": [299999.99999999994, -3419.524085451034]}, "member": {"0": [[5, 3], [1.0, 10000000.0, 1.0]], "1": [[3, 1], [1.0, 10000000.0, 1.0]], "2": [[1, 0], [1.0, 1000000.0, 1.0]], "3": [[2, 0], [1.0, 10000000.0, 1.0]], "4": [[4, 2], [1.0, 1000000.0, 1.0]], "5": [[3, 2], [1.0, 10000000.0, 1.0]], "6": [[5, 2], [1.0, 10000000.0, 1.0]], "7": [[4, 3], [1.0, 10000000.0, 1.0]], "8": [[3, 0], [1.0, 10000000.0, 1.0]], "9": [[2, 1], [1.0, 10000000.0, 1.0]]}, "displace": {"0": [35.70725600906995, -80.92019436893887], "1": [-13.584818187243954, -90.3030411672617], "2": [34.768971329237665, -34.42078384086521], "3": [-10.923102867076235, -31.635965653621255], "4": [0.0, 0.0], "5": [0.0, 0.0]}, "internal": {"0": -303419.524085451, "1": -73936.5366713255, "2": 26063.463328674523, "3": 26063.463328674552, "4": 96580.47591454907, "5": -77356.0607567766, "6": 4835.937338506306, "7": 287678.64981312514, "8": -36859.30332182536, "9": 104562.05291548431}, "weight": 4196.467529817257}