{"joint": [[[62.5, 100.0, 200.0], "NO"], [[137.5, 100.0, 200.0], "NO"], [[62.5, 137.5, 100.0], "NO"], [[137.5, 137.5, 100.0], "NO"], [[137.5, 62.5, 100.0], "NO"], [[62.5, 62.5, 100.0], "NO"], [[0.0, 200.0, 0.0], "PIN"], [[200.0, 200.0, 0.0], "PIN"], [[200.0, 0.0, 0.0], "PIN"], [[0.0, 0.0, 0.0], "PIN"]], "force": [[0, [1000.0, 20000.0, -5000.0]], [1, [0.0, -20000.0, -5000.0]], [2, [500.0, 0.0, 0.0]], [5, [500.0, 0.0, 0.0]]], "member": [[[0, 1], [1.0, 10000000.0, 0.1]], [[0, 3], [1.0, 10000000.0, 0.1]], [[1, 2], [1.0, 10000000.0, 0.1]], [[0, 4], [1.0, 10000000.0, 0.1]], [[1, 5], [1.0, 10000000.0, 0.1]], [[0, 2], [1.0, 10000000.0, 0.1]], [[0, 5], [1.0, 10000000.0, 0.1]], [[1, 3], [1.0, 10000000.0, 0.1]], [[1, 4], [1.0, 10000000.0, 0.1]], [[2, 5], [1.0, 10000000.0, 0.1]], [[3, 4], [1.0, 10000000.0, 0.1]], [[2, 3], [1.0, 10000000.0, 0.1]], [[4, 5], [1.0, 10000000.0, 0.1]], [[2, 9], [1.0, 10000000.0, 0.1]], [[5, 6], [1.0, 10000000.0, 0.1]], [[3, 8], [1.0, 10000000.0, 0.1]], [[4, 7], [1.0, 10000000.0, 0.1]], [[2, 7], [1.0, 10000000.0, 0.1]], [[3, 6], [1.0, 10000000.0, 0.1]], [[5, 8], [1.0, 10000000.0, 0.1]], [[4, 9], [1.0, 10000000.0, 0.1]], [[2, 6], [1.0, 10000000.0, 0.1]], [[3, 7], [1.0, 10000000.0, 0.1]], [[4, 8], [1.0, 10000000.0, 0.1]], [[5, 9], [1.0, 10000000.0, 0.1]]], "displace": [[0, [0.040253051111482314, 0.7603443307487436, -0.0420463094194367]], [1, [0.045821831131778894, -0.7603443307487439, -0.06537478562819714]], [2, [0.18971697496784573, -0.03271608386625644, -0.1303105766736193]], [3, [0.1893563429584069, 0.03574651897669217, 0.06475391638182652]], [4, [-0.17477985456015183, 0.031203241364153186, -0.14495048338408875]], [5, [-0.17441922255071296, -0.034233676474588894, 0.07939382309229584]]], "external": [[0, [1000.0, 20000.0, -5000.0]], [1, [0.0, -20000.0, -5000.0]], [2, [500.0, 0.0, 0.0]], [5, [500.0, 0.0, 0.0]], [6, [-7416.850962918564, 3816.5327315225786, -5754.085398718169]], [7, [-11399.223760959841, -7713.326242566145, 10754.085398718162]], [8, [6416.850962918561, -2602.7484813122505, -4254.0853987181645]], [9, [10399.22376095984, 6499.541992355818, 9254.085398718162]]], "internal": [[0, 742.5040027062105], [1, -15659.269656107981], [2, 13497.249218307803], [3, 12627.223675898587], [4, -14789.244113698769], [5, -18334.981981496323], [6, 15476.306428231645], [7, 14764.306116121854], [8, -19046.98229360612], [9, 202.3456811109936], [10, 605.7703483385312], [11, -48.08426792518003], [12, -48.08426792518003], [13, -1728.6729945849402], [14, 531.9044312582085], [15, -135.38542854784137], [16, -2395.9628543909944], [17, -11298.251118872286], [18, 9227.499080813817], [19, 9076.547239707674], [20, -11147.299277766147], [21, 488.98723355478177], [22, -4263.0384464623385], [23, -910.0939470258593], [24, -2863.957265881703]], "weight": 330.72070999319146}