{"joint": [[[0.0, 0.0, 0.0], "PIN"], [[36.0, 0.0, 0.0], "PIN"], [[36.0, 18.0, 0.0], "ROLLER_Z"], [[0.0, 20.0, 0.0], "PIN"], [[12.0, 10.0, 18.0], "NO"]], "force": [[4, [0.0, 7000.0, -10000.0]]], "member": [[[0, 4], [1.0, 10000000.0, 1.0]], [[1, 4], [1.0, 10000000.0, 1.0]], [[2, 4], [1.0, 1000000.0, 1.0]], [[3, 4], [1.0, 10000000.0, 1.0]], [[0, 2], [1.0, 1000000.0, 1.0]], [[1, 2], [1.0, 10000000.0, 1.0]]], "displace": [[2, [0.031344981203046705, -0.00018634976892802218, 0.0]], [4, [0.022796692569021636, 0.05676049798868429, -0.0291247521725119]]], "external": [[0, [-3430.530131923594, -2651.719811127415, -4214.046353245279]], [1, [-3823.278548017702, 1696.5603777451659, 2867.458911013277]], [2, [0.0, 0.0, 465.8744223200558]], [3, [7253.808679941296, -6044.840566617748, 10880.713019911946]], [4, [0.0, 7000.0, -10000.0]]], "internal": [[0, 5579.573091723387], [1, -5037.611808748908], [2, -803.5906576239742], [3, -14406.517749362636], [4, 694.4845848573932], [5, -103.52764940445675]], "weight": 168.585850740452}