{"joint": {"0": [[0.0, 0.0, 0.0], "PIN"], "1": [[36.0, 0.0, 0.0], "PIN"], "2": [[36.0, 18.0, 0.0], "ROLLER_Z"], "3": [[0.0, 20.0, 0.0], "PIN"], "4": [[12.0, 10.0, 18.0], "NO"]}, "force": {"4": [0.0, 7000.0, -10000.0]}, "member": {"0": [[0, 4], [1.0, 10000000.0, 1.0]], "1": [[1, 4], [1.0, 10000000.0, 1.0]], "2": [[2, 4], [1.0, 1000000.0, 1.0]], "3": [[3, 4], [1.0, 10000000.0, 1.0]], "4": [[0, 2], [1.0, 1000000.0, 1.0]], "5": [[1, 2], [1.0, 10000000.0, 1.0]]}, "displace": {"2": [0.03134498120304671, -0.00018634976892802218, 0.0], "4": [0.022796692569021636, 0.05676049798868429, -0.029124752172511904]}, "external": {"0": [-3430.530131923595, -2651.7198111274147, -4214.046353245278], "1": [-3823.2785480177026, 1696.5603777451659, 2867.4589110132774], "2": [0.0, 0.0, 465.87442232005577], "3": [7253.808679941296, -6044.840566617749, 10880.713019911946], "4": [0.0, 7000.0, -10000.0]}, "internal": {"0": 5579.573091723386, "1": -5037.6118087489085, "2": -803.590657623974, "3": -14406.517749362632, "4": 694.4845848573933, "5": -103.52764940445675}, "weight": 168.585850740452}