{"joint": {"0": [[62.5, 100.0, 200.0], "NO"], "1": [[137.5, 100.0, 200.0], "NO"], "2": [[62.5, 137.5, 100.0], "NO"], "3": [[137.5, 137.5, 100.0], "NO"], "4": [[137.5, 62.5, 100.0], "NO"], "5": [[62.5, 62.5, 100.0], "NO"], "6": [[0.0, 200.0, 0.0], "PIN"], "7": [[200.0, 200.0, 0.0], "PIN"], "8": [[200.0, 0.0, 0.0], "PIN"], "9": [[0.0, 0.0, 0.0], "PIN"]}, "force": {"0": [1000.0, 20000.0, -5000.0], "1": [0.0, -20000.0, -5000.0], "2": [500.0, 0.0, 0.0], "5": [500.0, 0.0, 0.0], "6": [-7416.850962918564, 3816.5327315225786, -5754.085398718168], "7": [-11399.223760959845, -7713.326242566149, 10754.085398718167], "8": [6416.850962918557, -2602.748481312248, -4254.085398718163], "9": [10399.223760959845, 6499.541992355821, 9254.085398718165]}, "member": {"0": [[0, 1], [1.0, 10000000.0, 0.1]], "1": [[0, 3], [1.0, 10000000.0, 0.1]], "2": [[1, 2], [1.0, 10000000.0, 0.1]], "3": [[0, 4], [1.0, 10000000.0, 0.1]], "4": [[1, 5], [1.0, 10000000.0, 0.1]], "5": [[0, 2], [1.0, 10000000.0, 0.1]], "6": [[0, 5], [1.0, 10000000.0, 0.1]], "7": [[1, 3], [1.0, 10000000.0, 0.1]], "8": [[1, 4], [1.0, 10000000.0, 0.1]], "9": [[2, 5], [1.0, 10000000.0, 0.1]], "10": [[3, 4], [1.0, 10000000.0, 0.1]], "11": [[2, 3], [1.0, 10000000.0, 0.1]], "12": [[4, 5], [1.0, 10000000.0, 0.1]], "13": [[2, 9], [1.0, 10000000.0, 0.1]], "14": [[5, 6], [1.0, 10000000.0, 0.1]], "15": [[3, 8], [1.0, 10000000.0, 0.1]], "16": [[4, 7], [1.0, 10000000.0, 0.1]], "17": [[2, 7], [1.0, 10000000.0, 0.1]], "18": [[3, 6], [1.0, 10000000.0, 0.1]], "19": [[5, 8], [1.0, 10000000.0, 0.1]], "20": [[4, 9], [1.0, 10000000.0, 0.1]], "21": [[2, 6], [1.0, 10000000.0, 0.1]], "22": [[3, 7], [1.0, 10000000.0, 0.1]], "23": [[4, 8], [1.0, 10000000.0, 0.1]], "24": [[5, 9], [1.0, 10000000.0, 0.1]]}, "displace": {"0": [0.04025305111148229, 0.7603443307487437, -0.04204630941943675], "1": [0.045821831131778866, -0.7603443307487439, -0.06537478562819715], "2": [0.1897169749678458, -0.03271608386625646, -0.1303105766736194], "3": [0.18935634295840695, 0.03574651897669217, 0.06475391638182648], "4": [-0.17477985456015185, 0.03120324136415319, -0.14495048338408878], "5": [-0.17441922255071293, -0.03423367647458891, 0.07939382309229581], "6": [0.0, 0.0, 0.0], "7": [0.0, 0.0, 0.0], "8": [0.0, 0.0, 0.0], "9": [0.0, 0.0, 0.0]}, "internal": {"0": 742.5040027062114, "1": -15659.269656107981, "2": 13497.249218307803, "3": 12627.223675898591, "4": -14789.24411369877, "5": -18334.981981496323, "6": 15476.306428231645, "7": 14764.306116121856, "8": -19046.982293606117, "9": 202.3456811109927, "10": 605.7703483385312, "11": -48.08426792518003, "12": -48.08426792519094, "13": -1728.6729945849422, "14": 531.9044312582089, "15": -135.38542854784365, "16": -2395.9628543909944, "17": -11298.251118872291, "18": 9227.499080813817, "19": 9076.547239707672, "20": -11147.299277766151, "21": 488.98723355478046, "22": -4263.038446462344, "23": -910.0939470258592, "24": -2863.9572658817033}, "weight": 330.72070999319146}