{"joint": [[[-60.0, 0.0], "PIN"], [[60.0, 0.0], "PIN"], [[-60.0, 120.0], "NO"], [[60.0, 120.0], "NO"], [[-60.0, 240.0], "NO"], [[60.0, 240.0], "NO"], [[-60.0, 360.0], "NO"], [[60.0, 360.0], "NO"], [[-30.0, 420.0], "NO"], [[30.0, 420.0], "NO"], [[-30.0, 480.0], "NO"], [[30.0, 480.0], "NO"], [[-30.0, 540.0], "NO"], [[30.0, 540.0], "NO"], [[-90.0, 570.0], "NO"], [[90.0, 570.0], "NO"], [[-150.0, 600.0], "NO"], [[-90.0, 600.0], "NO"], [[-30.0, 600.0], "NO"], [[30.0, 600.0], "NO"], [[90.0, 600.0], "NO"], [[150.0, 600.0], "NO"]], "force": [[21, [6000.0, -14000.0]]], "member": [[[0, 2], [1.0, 300000000.0, 0.3]], [[0, 3], [1.0, 300000000.0, 0.3]], [[1, 2], [1.0, 300000000.0, 0.3]], [[1, 3], [1.0, 300000000.0, 0.3]], [[2, 3], [1.0, 300000000.0, 0.3]], [[2, 4], [1.0, 300000000.0, 0.3]], [[2, 5], [1.0, 300000000.0, 0.3]], [[3, 4], [1.0, 300000000.0, 0.3]], [[3, 5], [1.0, 300000000.0, 0.3]], [[4, 5], [1.0, 300000000.0, 0.3]], [[4, 6], [1.0, 300000000.0, 0.3]], [[4, 7], [1.0, 300000000.0, 0.3]], [[5, 6], [1.0, 300000000.0, 0.3]], [[5, 7], [1.0, 300000000.0, 0.3]], [[6, 7], [1.0, 300000000.0, 0.3]], [[6, 8], [1.0, 300000000.0, 0.3]], [[6, 9], [1.0, 300000000.0, 0.3]], [[7, 8], [1.0, 300000000.0, 0.3]], [[7, 9], [1.0, 300000000.0, 0.3]], [[8, 9], [1.0, 300000000.0, 0.3]], [[8, 10], [1.0, 300000000.0, 0.3]], [[8, 11], [1.0, 300000000.0, 0.3]], [[9, 10], [1.0, 300000000.0, 0.3]], [[9, 11], [1.0, 300000000.0, 0.3]], [[10, 11], [1.0, 300000000.0, 0.3]], [[10, 12], [1.0, 300000000.0, 0.3]], [[10, 13], [1.0, 300000000.0, 0.3]], [[11, 12], [1.0, 300000000.0, 0.3]], [[11, 13], [1.0, 300000000.0, 0.3]], [[12, 13], [1.0, 300000000.0, 0.3]], [[12, 14], [1.0, 300000000.0, 0.3]], [[12, 18], [1.0, 300000000.0, 0.3]], [[12, 19], [1.0, 300000000.0, 0.3]], [[13, 18], [1.0, 300000000.0, 0.3]], [[13, 19], [1.0, 300000000.0, 0.3]], [[13, 15], [1.0, 300000000.0, 0.3]], [[14, 16], [1.0, 300000000.0, 0.3]], [[14, 17], [1.0, 300000000.0, 0.3]], [[14, 18], [1.0, 300000000.0, 0.3]], [[15, 19], [1.0, 300000000.0, 0.3]], [[15, 20], [1.0, 300000000.0, 0.3]], [[15, 21], [1.0, 300000000.0, 0.3]], [[16, 17], [1.0, 300000000.0, 0.3]], [[17, 18], [1.0, 300000000.0, 0.3]], [[18, 19], [1.0, 300000000.0, 0.3]], [[19, 20], [1.0, 300000000.0, 0.3]], [[20, 21], [1.0, 300000000.0, 0.3]]], "displace": [[2, [0.020657528341450022, 0.015591212975461469]], [3, [0.021730696757945235, -0.02000878702454157]], [4, [0.07516994059102448, 0.028673168416498043]], [5, [0.07600650960777114, -0.03772683158350708]], [6, [0.15735823438952923, 0.03922778199221]], [7, [0.15940644090866993, -0.05317221800779628]], [8, [0.20352924177187062, 0.025920598635717718]], [9, [0.2033964601021402, -0.04445833909434985]], [10, [0.2851200089600532, 0.034794224022557906]], [11, [0.28595768092378876, -0.055584713707509954]], [12, [0.38759308614331184, 0.04275827059945365]], [13, [0.38523659175036146, -0.06522066713061439]], [14, [0.4475017575221769, 0.1625756133571838]], [15, [0.4441103913650771, -0.19862074220254405]], [16, [0.5057706993859648, 0.2791134970847596]], [17, [0.5057706993859648, 0.16257561335718376]], [18, [0.5057706993859649, 0.04603772962960768]], [19, [0.5090501584161189, -0.06874120810046046]], [20, [0.5158501584161189, -0.19862074220254403]], [21, [0.522650158416119, -0.37135275214712643]]], "external": [[0, [-1521.9675613510663, -40500.000000004744]], [1, [-4478.032438650138, 54500.00000000406]], [21, [6000.0, -14000.0]]], "internal": [[0, 38978.032438653674], [1, 2152.3871667545836], [2, -6332.89420748569], [3, -50021.96756135392], [4, 2682.9210412380344], [5, 32704.888602591433], [6, 2538.670884190726], [7, -5946.610490049532], [8, -44295.11139741378], [9, 2091.422541866661], [10, 26386.533939279892], [11, 2988.8923666888873], [12, -5496.389007551246], [13, -38613.466060723], [14, 5120.516297851747], [15, 39113.28133871364], [16, -22505.819257912895], [17, 19859.408228789132], [18, -53124.52273315483], [19, -663.9083486521849], [20, 44368.12693420095], [21, 2307.8170217261318], [22, -6177.464352513097], [23, -55631.87306580052], [24, 4188.359818677884], [25, 39820.2328844787], [26, 254.22909284002878], [27, -8231.052281398664], [28, -48179.767115522176], [29, -11782.471964752069], [30, -2.6031257322754127e-10], [31, 16397.295150770165], [32, 24893.983932232426], [33, -23189.277188453343], [34, -17602.70484923036], [35, -31304.95168499709], [36, 3.904688598413119e-10], [37, -2.3283064365386963e-10], [38, -4.555470031481972e-10], [40, 2.3283064365386963e-10], [41, -31304.95168499699], [43, 4.656612873077393e-10], [44, 16397.29515077034], [45, 34000.0], [46, 34000.0]], "weight": 1278.1020115472195}