{"joint": {"0": [[720.0, 360.0], "NO"], "1": [[720.0, 0.0], "NO"], "2": [[360.0, 360.0], "NO"], "3": [[360.0, 0.0], "NO"], "4": [[0.0, 360.0], "PIN"], "5": [[0.0, 0.0], "PIN"]}, "force": {"1": [0.0, -100000.0], "3": [0.0, -100000.0]}, "member": {"0": [[5, 3], [1.0, 10000000.0, 1.0]], "1": [[3, 1], [1.0, 10000000.0, 1.0]], "2": [[1, 0], [1.0, 1000000.0, 1.0]], "3": [[2, 0], [1.0, 10000000.0, 1.0]], "4": [[4, 2], [1.0, 1000000.0, 1.0]], "5": [[3, 2], [1.0, 10000000.0, 1.0]], "6": [[5, 2], [1.0, 10000000.0, 1.0]], "7": [[4, 3], [1.0, 10000000.0, 1.0]], "8": [[3, 0], [1.0, 10000000.0, 1.0]], "9": [[2, 1], [1.0, 10000000.0, 1.0]]}, "displace": {"0": [35.70725600906997, -80.92019436893891], "1": [-13.584818187243961, -90.30304116726174], "2": [34.76897132923768, -34.420783840865234], "3": [-10.923102867076242, -31.635965653621273]}, "external": {"1": [0.0, -100000.0], "3": [0.0, -100000.0], "4": [-300000.0000000001, 203419.52408545103], "5": [300000.0000000002, -3419.5240854509757]}, "internal": {"0": -303419.52408545115, "1": -73936.53667132556, "2": 26063.463328674523, "3": 26063.463328674785, "4": 96580.47591454911, "5": -77356.06075677671, "6": 4835.9373385062245, "7": 287678.6498131253, "8": -36859.3033218252, "9": 104562.05291548414}, "weight": 4196.467529817257}