{"joint": {"0": [[0.0, 0.0, 275.59], "NO"], "1": [[273.26, 0.0, 230.31], "NO"], "2": [[236.65010183813573, 136.62999999999997, 230.31], "NO"], "3": [[136.62999999999997, 236.65010183813573, 230.31], "NO"], "4": [[0.0, 273.26, 230.31], "NO"], "5": [[-136.62999999999997, 236.65010183813573, 230.31], "NO"], "6": [[-236.65010183813573, 136.62999999999997, 230.31], "NO"], "7": [[-273.26, 0.0, 230.31], "NO"], "8": [[-236.65010183813573, -136.62999999999997, 230.31], "NO"], "9": [[-136.62999999999997, -236.65010183813573, 230.31], "NO"], "10": [[0.0, -273.26, 230.31], "NO"], "11": [[136.62999999999997, -236.65010183813573, 230.31], "NO"], "12": [[236.65010183813573, -136.62999999999997, 230.31], "NO"], "13": [[492.12, 0.0, 118.11], "NO"], "14": [[475.3514176333763, 127.37002847585251, 118.11], "NO"], "15": [[426.18842171039796, 246.05999999999997, 118.11], "NO"], "16": [[347.9813891575237, 347.9813891575237, 118.11], "NO"], "17": [[246.05999999999997, 426.18842171039796, 118.11], "NO"], "18": [[127.37002847585251, 475.3514176333763, 118.11], "NO"], "19": [[0.0, 492.12, 118.11], "NO"], "20": [[-127.37002847585251, 475.3514176333763, 118.11], "NO"], "21": [[-246.05999999999997, 426.18842171039796, 118.11], "NO"], "22": [[-347.9813891575237, 347.9813891575237, 118.11], "NO"], "23": [[-426.18842171039796, 246.05999999999997, 118.11], "NO"], "24": [[-475.3514176333763, 127.37002847585251, 118.11], "NO"], "25": [[-492.12, 0.0, 118.11], "NO"], "26": [[-475.3514176333763, -127.37002847585251, 118.11], "NO"], "27": [[-426.18842171039796, -246.05999999999997, 118.11], "NO"], "28": [[-347.9813891575237, -347.9813891575237, 118.11], "NO"], "29": [[-246.05999999999997, -426.18842171039796, 118.11], "NO"], "30": [[-127.37002847585251, -475.3514176333763, 118.11], "NO"], "31": [[0.0, -492.12, 118.11], "NO"], "32": [[127.37002847585251, -475.3514176333763, 118.11], "NO"], "33": [[246.05999999999997, -426.18842171039796, 118.11], "NO"], "34": [[347.9813891575237, -347.9813891575237, 118.11], "NO"], "35": [[426.18842171039796, -246.05999999999997, 118.11], "NO"], "36": [[475.3514176333763, -127.37002847585251, 118.11], "NO"], "37": [[625.59, 0.0, 0.0], "PIN"], "38": [[541.7768323535071, 312.79499999999996, 0.0], "PIN"], "39": [[312.79499999999996, 541.7768323535071, 0.0], "PIN"], "40": [[0.0, 625.59, 0.0], "PIN"], "41": [[-312.79499999999996, 541.7768323535071, 0.0], "PIN"], "42": [[-541.7768323535071, 312.79499999999996, 0.0], "PIN"], "43": [[-625.59, 0.0, 0.0], "PIN"], "44": [[-541.7768323535071, -312.79499999999996, 0.0], "PIN"], "45": [[-312.79499999999996, -541.7768323535071, 0.0], "PIN"], "46": [[0.0, -625.59, 0.0], "PIN"], "47": [[312.79499999999996, -541.7768323535071, 0.0], "PIN"], "48": [[541.7768323535071, -312.79499999999996, 0.0], "PIN"]}, "force": {"0": [0.0, 0.0, -13490.0], "1": [0.0, 0.0, -6744.0], "2": [0.0, 0.0, -6744.0], "3": [0.0, 0.0, -6744.0], "4": [0.0, 0.0, -6744.0], "5": [0.0, 0.0, -6744.0], "6": [0.0, 0.0, -6744.0], "7": [0.0, 0.0, -6744.0], "8": [0.0, 0.0, -6744.0], "9": [0.0, 0.0, -6744.0], "10": [0.0, 0.0, -6744.0], "11": [0.0, 0.0, -6744.0], "12": [0.0, 0.0, -6744.0], "13": [0.0, 0.0, -6744.0], "14": [0.0, 0.0, -2248.0], "15": [0.0, 0.0, -2248.0], "16": [0.0, 0.0, -2248.0], "17": [0.0, 0.0, -2248.0], "18": [0.0, 0.0, -2248.0], "19": [0.0, 0.0, -2248.0], "20": [0.0, 0.0, -2248.0], "21": [0.0, 0.0, -2248.0], "22": [0.0, 0.0, -2248.0], "23": [0.0, 0.0, -2248.0], "24": [0.0, 0.0, -2248.0], "25": [0.0, 0.0, -2248.0], "26": [0.0, 0.0, -2248.0], "27": [0.0, 0.0, -2248.0], "28": [0.0, 0.0, -2248.0], "29": [0.0, 0.0, -2248.0], "30": [0.0, 0.0, -2248.0], "31": [0.0, 0.0, -2248.0], "32": [0.0, 0.0, -2248.0], "33": [0.0, 0.0, -2248.0], "34": [0.0, 0.0, -2248.0], "35": [0.0, 0.0, -2248.0], "36": [0.0, 0.0, -2248.0]}, "member": {"0": [[0, 1], [1.0, 30450000.0, 0.288]], "1": [[0, 2], [1.0, 30450000.0, 0.288]], "2": [[0, 3], [1.0, 30450000.0, 0.288]], "3": [[0, 4], [1.0, 30450000.0, 0.288]], "4": [[0, 5], [1.0, 30450000.0, 0.288]], "5": [[0, 6], [1.0, 30450000.0, 0.288]], "6": [[0, 7], [1.0, 30450000.0, 0.288]], "7": [[0, 8], [1.0, 30450000.0, 0.288]], "8": [[0, 9], [1.0, 30450000.0, 0.288]], "9": [[0, 10], [1.0, 30450000.0, 0.288]], "10": [[0, 11], [1.0, 30450000.0, 0.288]], "11": [[0, 12], [1.0, 30450000.0, 0.288]], "12": [[1, 2], [1.0, 30450000.0, 0.288]], "13": [[2, 3], [1.0, 30450000.0, 0.288]], "14": [[3, 4], [1.0, 30450000.0, 0.288]], "15": [[4, 5], [1.0, 30450000.0, 0.288]], "16": [[5, 6], [1.0, 30450000.0, 0.288]], "17": [[6, 7], [1.0, 30450000.0, 0.288]], "18": [[7, 8], [1.0, 30450000.0, 0.288]], "19": [[8, 9], [1.0, 30450000.0, 0.288]], "20": [[9, 10], [1.0, 30450000.0, 0.288]], "21": [[10, 11], [1.0, 30450000.0, 0.288]], "22": [[11, 12], [1.0, 30450000.0, 0.288]], "23": [[12, 1], [1.0, 30450000.0, 0.288]], "24": [[1, 13], [1.0, 30450000.0, 0.288]], "25": [[2, 15], [1.0, 30450000.0, 0.288]], "26": [[3, 17], [1.0, 30450000.0, 0.288]], "27": [[4, 19], [1.0, 30450000.0, 0.288]], "28": [[5, 21], [1.0, 30450000.0, 0.288]], "29": [[6, 23], [1.0, 30450000.0, 0.288]], "30": [[7, 25], [1.0, 30450000.0, 0.288]], "31": [[8, 27], [1.0, 30450000.0, 0.288]], "32": [[9, 29], [1.0, 30450000.0, 0.288]], "33": [[10, 31], [1.0, 30450000.0, 0.288]], "34": [[11, 33], [1.0, 30450000.0, 0.288]], "35": [[12, 35], [1.0, 30450000.0, 0.288]], "36": [[1, 14], [1.0, 30450000.0, 0.288]], "37": [[2, 14], [1.0, 30450000.0, 0.288]], "38": [[2, 16], [1.0, 30450000.0, 0.288]], "39": [[3, 16], [1.0, 30450000.0, 0.288]], "40": [[3, 18], [1.0, 30450000.0, 0.288]], "41": [[4, 18], [1.0, 30450000.0, 0.288]], "42": [[4, 20], [1.0, 30450000.0, 0.288]], "43": [[5, 20], [1.0, 30450000.0, 0.288]], "44": [[5, 22], [1.0, 30450000.0, 0.288]], "45": [[6, 22], [1.0, 30450000.0, 0.288]], "46": [[6, 24], [1.0, 30450000.0, 0.288]], "47": [[7, 24], [1.0, 30450000.0, 0.288]], "48": [[7, 26], [1.0, 30450000.0, 0.288]], "49": [[8, 26], [1.0, 30450000.0, 0.288]], "50": [[8, 28], [1.0, 30450000.0, 0.288]], "51": [[9, 28], [1.0, 30450000.0, 0.288]], "52": [[9, 30], [1.0, 30450000.0, 0.288]], "53": [[10, 30], [1.0, 30450000.0, 0.288]], "54": [[10, 32], [1.0, 30450000.0, 0.288]], "55": [[11, 32], [1.0, 30450000.0, 0.288]], "56": [[11, 34], [1.0, 30450000.0, 0.288]], "57": [[12, 34], [1.0, 30450000.0, 0.288]], "58": [[12, 36], [1.0, 30450000.0, 0.288]], "59": [[1, 36], [1.0, 30450000.0, 0.288]], "60": [[13, 14], [1.0, 30450000.0, 0.288]], "61": [[14, 15], [1.0, 30450000.0, 0.288]], "62": [[15, 16], [1.0, 30450000.0, 0.288]], "63": [[16, 17], [1.0, 30450000.0, 0.288]], "64": [[17, 18], [1.0, 30450000.0, 0.288]], "65": [[18, 19], [1.0, 30450000.0, 0.288]], "66": [[19, 20], [1.0, 30450000.0, 0.288]], "67": [[20, 21], [1.0, 30450000.0, 0.288]], "68": [[21, 22], [1.0, 30450000.0, 0.288]], "69": [[22, 23], [1.0, 30450000.0, 0.288]], "70": [[23, 24], [1.0, 30450000.0, 0.288]], "71": [[24, 25], [1.0, 30450000.0, 0.288]], "72": [[25, 26], [1.0, 30450000.0, 0.288]], "73": [[26, 27], [1.0, 30450000.0, 0.288]], "74": [[27, 28], [1.0, 30450000.0, 0.288]], "75": [[28, 29], [1.0, 30450000.0, 0.288]], "76": [[29, 30], [1.0, 30450000.0, 0.288]], "77": [[30, 31], [1.0, 30450000.0, 0.288]], "78": [[31, 32], [1.0, 30450000.0, 0.288]], "79": [[32, 33], [1.0, 30450000.0, 0.288]], "80": [[33, 34], [1.0, 30450000.0, 0.288]], "81": [[34, 35], [1.0, 30450000.0, 0.288]], "82": [[35, 36], [1.0, 30450000.0, 0.288]], "83": [[36, 13], [1.0, 30450000.0, 0.288]], "84": [[13, 37], [1.0, 30450000.0, 0.288]], "85": [[15, 38], [1.0, 30450000.0, 0.288]], "86": [[17, 39], [1.0, 30450000.0, 0.288]], "87": [[19, 40], [1.0, 30450000.0, 0.288]], "88": [[21, 41], [1.0, 30450000.0, 0.288]], "89": [[23, 42], [1.0, 30450000.0, 0.288]], "90": [[25, 43], [1.0, 30450000.0, 0.288]], "91": [[27, 44], [1.0, 30450000.0, 0.288]], "92": [[29, 45], [1.0, 30450000.0, 0.288]], "93": [[31, 46], [1.0, 30450000.0, 0.288]], "94": [[33, 47], [1.0, 30450000.0, 0.288]], "95": [[35, 48], [1.0, 30450000.0, 0.288]], "96": [[14, 37], [1.0, 30450000.0, 0.288]],