{"joint": [[[-60.0, 0.0], "PIN"], [[60.0, 0.0], "PIN"], [[-60.0, 120.0], "NO"], [[60.0, 120.0], "NO"], [[-60.0, 240.0], "NO"], [[60.0, 240.0], "NO"], [[-60.0, 360.0], "NO"], [[60.0, 360.0], "NO"], [[-30.0, 420.0], "NO"], [[30.0, 420.0], "NO"], [[-30.0, 480.0], "NO"], [[30.0, 480.0], "NO"], [[-30.0, 540.0], "NO"], [[30.0, 540.0], "NO"], [[-90.0, 570.0], "NO"], [[90.0, 570.0], "NO"], [[-150.0, 600.0], "NO"], [[-90.0, 600.0], "NO"], [[-30.0, 600.0], "NO"], [[30.0, 600.0], "NO"], [[90.0, 600.0], "NO"], [[150.0, 600.0], "NO"]], "force": [[16, [6000.0, -14000.0]], [21, [6000.0, -14000.0]]], "member": [[[0, 2], [1.0, 300000000.0, 0.3]], [[0, 3], [1.0, 300000000.0, 0.3]], [[1, 2], [1.0, 300000000.0, 0.3]], [[1, 3], [1.0, 300000000.0, 0.3]], [[2, 3], [1.0, 300000000.0, 0.3]], [[2, 4], [1.0, 300000000.0, 0.3]], [[2, 5], [1.0, 300000000.0, 0.3]], [[3, 4], [1.0, 300000000.0, 0.3]], [[3, 5], [1.0, 300000000.0, 0.3]], [[4, 5], [1.0, 300000000.0, 0.3]], [[4, 6], [1.0, 300000000.0, 0.3]], [[4, 7], [1.0, 300000000.0, 0.3]], [[5, 6], [1.0, 300000000.0, 0.3]], [[5, 7], [1.0, 300000000.0, 0.3]], [[6, 7], [1.0, 300000000.0, 0.3]], [[6, 8], [1.0, 300000000.0, 0.3]], [[6, 9], [1.0, 300000000.0, 0.3]], [[7, 8], [1.0, 300000000.0, 0.3]], [[7, 9], [1.0, 300000000.0, 0.3]], [[8, 9], [1.0, 300000000.0, 0.3]], [[8, 10], [1.0, 300000000.0, 0.3]], [[8, 11], [1.0, 300000000.0, 0.3]], [[9, 10], [1.0, 300000000.0, 0.3]], [[9, 11], [1.0, 300000000.0, 0.3]], [[10, 11], [1.0, 300000000.0, 0.3]], [[10, 12], [1.0, 300000000.0, 0.3]], [[10, 13], [1.0, 300000000.0, 0.3]], [[11, 12], [1.0, 300000000.0, 0.3]], [[11, 13], [1.0, 300000000.0, 0.3]], [[12, 13], [1.0, 300000000.0, 0.3]], [[12, 14], [1.0, 300000000.0, 0.3]], [[12, 18], [1.0, 300000000.0, 0.3]], [[12, 19], [1.0, 300000000.0, 0.3]], [[13, 18], [1.0, 300000000.0, 0.3]], [[13, 19], [1.0, 300000000.0, 0.3]], [[13, 15], [1.0, 300000000.0, 0.3]], [[14, 16], [1.0, 300000000.0, 0.3]], [[14, 17], [1.0, 300000000.0, 0.3]], [[14, 18], [1.0, 300000000.0, 0.3]], [[15, 19], [1.0, 300000000.0, 0.3]], [[15, 20], [1.0, 300000000.0, 0.3]], [[15, 21], [1.0, 300000000.0, 0.3]], [[16, 17], [1.0, 300000000.0, 0.3]], [[17, 18], [1.0, 300000000.0, 0.3]], [[18, 19], [1.0, 300000000.0, 0.3]], [[19, 20], [1.0, 300000000.0, 0.3]], [[20, 21], [1.0, 300000000.0, 0.3]]], "displace": [[2, [0.02731505801206265, 0.017182426298104465]], [3, [0.02946139218672433, -0.02601757370189914]], [4, [0.09433986834649641, 0.029346334174664913]], [5, [0.0960130320510836, -0.04745366582534113]], [6, [0.188716591400889, 0.03645559000269374]], [7, [0.19281275919548763, -0.06434440999731361]], [8, [0.24197411369125796, 0.014709082016902958]], [9, [0.24170966683359565, -0.05178421285011489]], [10, [0.31689750700936836, 0.018457723192670143]], [11, [0.3185610883489125, -0.060035571674348]], [12, [0.4055169629310994, 0.020372663356447343]], [13, [0.40091644726060877, -0.06532063151057091]], [14, [0.4523236566824584, 0.0983335750166667]], [15, [0.4449971609259638, -0.1691345346837792]], [16, [0.48196184042970164, 0.14195746666865466]], [17, [0.48636184042970165, 0.09833357501666669]], [18, [0.4907618404297018, 0.021457207522179667]], [19, [0.496246384595434, -0.06663608734483868]], [20, [0.5030463845954342, -0.16913453468377923]], [21, [0.5098463845954342, -0.31448545786521864]]], "external": [[0, [-3043.934254744341, -46000.0000000055]], [1, [-8956.065745257123, 74000.00000000498]], [16, [6000.0, -14000.0]], [21, [6000.0, -14000.0]]], "internal": [[0, 42956.06574526116], [1, 4304.773106031487], [2, -12665.789642447724], [3, -65043.93425474785], [4, 5365.835436654204], [5, 30409.769691401118], [6, 5077.352394469172], [7, -11893.210354010016], [8, -53590.23030860497], [9, 4182.909261467983], [10, 17773.13957007206], [11, 5977.683346265865], [12, -10992.87940221317], [13, -42226.8604299312], [14, 10240.41948649654], [15, 19529.01263757481], [16, -13461.830313459452], [17, 8171.477339324722], [18, -47553.0266874212], [19, -1322.2342883115634], [20, 18743.205878835928], [21, 4605.802416009047], [22, -12364.760332469205], [23, -41256.79412116553], [24, 8317.906697720755], [25, 9574.70081888599], [26, 601.4638699983027], [27, -16369.098878478879], [28, -26425.29918111459], [29, -23002.578352453187], [30, -31304.951684997348], [31, 5422.720828661622], [32, 9301.677407621484], [33, -7668.885340856109], [34, -6577.279171338829], [35, -31304.951684996602], [36, -31304.95168499699], [37, -1.1641532182693481e-10], [38, -3.904688598413119e-10], [39, 1.626953582672133e-10], [40, -2.3283064365386963e-10], [41, -31304.951684997315], [42, 22000.0], [43, 22000.000000000466], [44, 27422.72082866123], [45, 34000.00000000093], [46, 34000.0]], "weight": 1278.1020115472195}