{"joint": {"0": [[62.5, 100.0, 200.0], "NO"], "1": [[137.5, 100.0, 200.0], "NO"], "2": [[62.5, 137.5, 100.0], "NO"], "3": [[137.5, 137.5, 100.0], "NO"], "4": [[137.5, 62.5, 100.0], "NO"], "5": [[62.5, 62.5, 100.0], "NO"], "6": [[0.0, 200.0, 0.0], "PIN"], "7": [[200.0, 200.0, 0.0], "PIN"], "8": [[200.0, 0.0, 0.0], "PIN"], "9": [[0.0, 0.0, 0.0], "PIN"]}, "force": {"0": [1000.0, 20000.0, -5000.0], "1": [0.0, -20000.0, -5000.0], "2": [500.0, 0.0, 0.0], "5": [500.0, 0.0, 0.0]}, "member": {"0": [[0, 1], [1.0, 10000000.0, 0.1]], "1": [[0, 3], [1.0, 10000000.0, 0.1]], "2": [[1, 2], [1.0, 10000000.0, 0.1]], "3": [[0, 4], [1.0, 10000000.0, 0.1]], "4": [[1, 5], [1.0, 10000000.0, 0.1]], "5": [[0, 2], [1.0, 10000000.0, 0.1]], "6": [[0, 5], [1.0, 10000000.0, 0.1]], "7": [[1, 3], [1.0, 10000000.0, 0.1]], "8": [[1, 4], [1.0, 10000000.0, 0.1]], "9": [[2, 5], [1.0, 10000000.0, 0.1]], "10": [[3, 4], [1.0, 10000000.0, 0.1]], "11": [[2, 3], [1.0, 10000000.0, 0.1]], "12": [[4, 5], [1.0, 10000000.0, 0.1]], "13": [[2, 9], [1.0, 10000000.0, 0.1]], "14": [[5, 6], [1.0, 10000000.0, 0.1]], "15": [[3, 8], [1.0, 10000000.0, 0.1]], "16": [[4, 7], [1.0, 10000000.0, 0.1]], "17": [[2, 7], [1.0, 10000000.0, 0.1]], "18": [[3, 6], [1.0, 10000000.0, 0.1]], "19": [[5, 8], [1.0, 10000000.0, 0.1]], "20": [[4, 9], [1.0, 10000000.0, 0.1]], "21": [[2, 6], [1.0, 10000000.0, 0.1]], "22": [[3, 7], [1.0, 10000000.0, 0.1]], "23": [[4, 8], [1.0, 10000000.0, 0.1]], "24": [[5, 9], [1.0, 10000000.0, 0.1]]}, "displace": {"0": [0.04025305111148231, 0.7603443307487436, -0.042046309419436725], "1": [0.045821831131778894, -0.7603443307487439, -0.06537478562819714], "2": [0.1897169749678458, -0.03271608386625644, -0.13031057667361937], "3": [0.18935634295840695, 0.03574651897669219, 0.06475391638182654], "4": [-0.17477985456015185, 0.031203241364153214, -0.14495048338408878], "5": [-0.17441922255071293, -0.034233676474588894, 0.07939382309229583]}, "external": {"0": [1000.0, 20000.0, -5000.0], "1": [0.0, -20000.0, -5000.0], "2": [500.0, 0.0, 0.0], "5": [500.0, 0.0, 0.0], "6": [-7416.850962918565, 3816.5327315225786, -5754.08539871817], "7": [-11399.223760959845, -7713.326242566148, 10754.085398718167], "8": [6416.850962918559, -2602.7484813122505, -4254.085398718165], "9": [10399.223760959841, 6499.541992355819, 9254.085398718165]}, "internal": {"0": 742.5040027062123, "1": -15659.269656107981, "2": 13497.249218307803, "3": 12627.223675898585, "4": -14789.244113698769, "5": -18334.98198149632, "6": 15476.306428231645, "7": 14764.306116121852, "8": -19046.982293606117, "9": 202.3456811109936, "10": 605.7703483385303, "11": -48.08426792518003, "12": -48.08426792519094, "13": -1728.6729945849406, "14": 531.9044312582087, "15": -135.38542854784103, "16": -2395.9628543909953, "17": -11298.251118872291, "18": 9227.49908081382, "19": 9076.547239707674, "20": -11147.29927776615, "21": 488.98723355478114, "22": -4263.03844646234, "23": -910.093947025858, "24": -2863.957265881703}, "weight": 330.72070999319146}