{"joint": [[[-60.0, 0.0], "PIN"], [[60.0, 0.0], "PIN"], [[-60.0, 120.0], "NO"], [[60.0, 120.0], "NO"], [[-60.0, 240.0], "NO"], [[60.0, 240.0], "NO"], [[-60.0, 360.0], "NO"], [[60.0, 360.0], "NO"], [[-30.0, 420.0], "NO"], [[30.0, 420.0], "NO"], [[-30.0, 480.0], "NO"], [[30.0, 480.0], "NO"], [[-30.0, 540.0], "NO"], [[30.0, 540.0], "NO"], [[-90.0, 570.0], "NO"], [[90.0, 570.0], "NO"], [[-150.0, 600.0], "NO"], [[-90.0, 600.0], "NO"], [[-30.0, 600.0], "NO"], [[30.0, 600.0], "NO"], [[90.0, 600.0], "NO"], [[150.0, 600.0], "NO"]], "force": [[16, [6000.0, -14000.0]]], "member": [[[0, 2], [1.0, 300000000.0, 0.3]], [[0, 3], [1.0, 300000000.0, 0.3]], [[1, 2], [1.0, 300000000.0, 0.3]], [[1, 3], [1.0, 300000000.0, 0.3]], [[2, 3], [1.0, 300000000.0, 0.3]], [[2, 4], [1.0, 300000000.0, 0.3]], [[2, 5], [1.0, 300000000.0, 0.3]], [[3, 4], [1.0, 300000000.0, 0.3]], [[3, 5], [1.0, 300000000.0, 0.3]], [[4, 5], [1.0, 300000000.0, 0.3]], [[4, 6], [1.0, 300000000.0, 0.3]], [[4, 7], [1.0, 300000000.0, 0.3]], [[5, 6], [1.0, 300000000.0, 0.3]], [[5, 7], [1.0, 300000000.0, 0.3]], [[6, 7], [1.0, 300000000.0, 0.3]], [[6, 8], [1.0, 300000000.0, 0.3]], [[6, 9], [1.0, 300000000.0, 0.3]], [[7, 8], [1.0, 300000000.0, 0.3]], [[7, 9], [1.0, 300000000.0, 0.3]], [[8, 9], [1.0, 300000000.0, 0.3]], [[8, 10], [1.0, 300000000.0, 0.3]], [[8, 11], [1.0, 300000000.0, 0.3]], [[9, 10], [1.0, 300000000.0, 0.3]], [[9, 11], [1.0, 300000000.0, 0.3]], [[10, 11], [1.0, 300000000.0, 0.3]], [[10, 12], [1.0, 300000000.0, 0.3]], [[10, 13], [1.0, 300000000.0, 0.3]], [[11, 12], [1.0, 300000000.0, 0.3]], [[11, 13], [1.0, 300000000.0, 0.3]], [[12, 13], [1.0, 300000000.0, 0.3]], [[12, 14], [1.0, 300000000.0, 0.3]], [[12, 18], [1.0, 300000000.0, 0.3]], [[12, 19], [1.0, 300000000.0, 0.3]], [[13, 18], [1.0, 300000000.0, 0.3]], [[13, 19], [1.0, 300000000.0, 0.3]], [[13, 15], [1.0, 300000000.0, 0.3]], [[14, 16], [1.0, 300000000.0, 0.3]], [[14, 17], [1.0, 300000000.0, 0.3]], [[14, 18], [1.0, 300000000.0, 0.3]], [[15, 19], [1.0, 300000000.0, 0.3]], [[15, 20], [1.0, 300000000.0, 0.3]], [[15, 21], [1.0, 300000000.0, 0.3]], [[16, 17], [1.0, 300000000.0, 0.3]], [[17, 18], [1.0, 300000000.0, 0.3]], [[18, 19], [1.0, 300000000.0, 0.3]], [[19, 20], [1.0, 300000000.0, 0.3]], [[20, 21], [1.0, 300000000.0, 0.3]]], "displace": [[2, [0.006657529670612636, 0.001591213322643007]], [3, [0.0077306954287791035, -0.006008786677357579]], [4, [0.01916992775547195, 0.0006731657581668944]], [5, [0.02000652244331249, -0.009726834241834069]], [6, [0.031358357011359854, -0.0027721919895162274]], [7, [0.03340631828681781, -0.011172191989517372]], [8, [0.03844487191938749, -0.01121151661881474]], [9, [0.038313206731455635, -0.007325873755765051]], [10, [0.031777498049315366, -0.016336500829887732]], [11, [0.03260340742512389, -0.004450857966838044]], [12, [0.01792387678778776, -0.022385607243006263]], [13, [0.01567985551024755, -9.996437995653833e-05]], [14, [0.004821899160281652, -0.06424203834051706]], [15, [0.0008867695608869181, 0.029486207518764733]], [16, [-0.02380885895626285, -0.13715603041610458]], [17, [-0.019408858956262855, -0.06424203834051706]], [18, [-0.01500885895626286, -0.024580522107427984]], [19, [-0.012803773820684563, 0.002105120755621764]], [20, [-0.012803773820684563, 0.029486207518764733]], [21, [-0.012803773820684563, 0.0568672942819077]]], "external": [[0, [-1521.9666933932758, -5500.000000000793]], [1, [-4478.033306606985, 19500.00000000093]], [16, [6000.0, -14000.0]]], "internal": [[0, 3978.0333066075177], [1, 2152.3859392769045], [2, -6332.895434962034], [3, -15021.966693393948], [4, 2682.9143954161664], [5, -2295.118911190282], [6, 2538.6815102784717], [7, -5946.599863960459], [8, -9295.118911191224], [9, 2091.4867196013583], [10, -8613.394369207805], [11, 2988.7909795769956], [12, -5496.4903946619015], [13, -3613.3943692082576], [14, 5119.903188644894], [15, -19584.268701138793], [16, 9043.988944453611], [17, -11687.930889464431], [18, 5571.496045733636], [19, -658.3259396592621], [20, -25624.921055364954], [21, 2297.9853942827513], [22, -6187.295979956025], [23, 14375.078944635035], [24, 4129.546879042609], [25, -30245.532065592663], [26, 347.23477715844365], [27, -8138.046597080219], [28, 21754.46793440753], [29, -11220.10638770106], [30, -31304.95168499715], [31, -10974.574322108601], [32, -15592.306524610745], [33, 15520.391847597397], [34, 11025.425677891513], [36, -31304.951684997057], [42, 21999.99999999997], [43, 21999.99999999997], [44, 11025.425677891479]], "weight": 1278.1020115472195}