{"joint": [[[720.0, 360.0], "NO"], [[720.0, 0.0], "NO"], [[360.0, 360.0], "NO"], [[360.0, 0.0], "NO"], [[0.0, 360.0], "PIN"], [[0.0, 0.0], "PIN"]], "force": [[1, [0.0, -100000.0]], [3, [0.0, -100000.0]]], "member": [[[5, 3], [1.0, 10000000.0, 1.0]], [[3, 1], [1.0, 10000000.0, 1.0]], [[1, 0], [1.0, 1000000.0, 1.0]], [[2, 0], [1.0, 10000000.0, 1.0]], [[4, 2], [1.0, 1000000.0, 1.0]], [[3, 2], [1.0, 10000000.0, 1.0]], [[5, 2], [1.0, 10000000.0, 1.0]], [[4, 3], [1.0, 10000000.0, 1.0]], [[3, 0], [1.0, 10000000.0, 1.0]], [[2, 1], [1.0, 10000000.0, 1.0]]], "displace": [[0, [35.70725600906998, -80.92019436893895]], [1, [-13.58481818724397, -90.30304116726178]], [2, [34.768971329237694, -34.42078384086525]], [3, [-10.92310286707625, -31.635965653621298]]], "external": [[1, [0.0, -100000.0]], [3, [0.0, -100000.0]], [4, [-300000.00000000035, 203419.52408545118]], [5, [300000.0000000004, -3419.5240854509757]]], "internal": [[0, -303419.5240854514], [1, -73936.53667132556], [2, 26063.463328674523], [3, 26063.463328674552], [4, 96580.47591454916], [5, -77356.06075677637], [6, 4835.9373385062245], [7, 287678.6498131255], [8, -36859.30332182536], [9, 104562.05291548414]], "weight": 4196.467529817257}